X,26.2,Put,26,07/28/17,2,0.32,0.33,0.34,0.33,10754,160,67.21,77.59%,07/26/17
JD,45.87,Call,60,01/19/18,177,0.63,0.69,0.75,0.66,8598,170,50.58,32.28%,07/26/17
JBLU,22.07,Put,19,12/15/17,142,0.40,0.45,0.50,0.4,5041,106,47.56,30.38%,07/26/17
AMD,14.76,Put,15.5,07/28/17,2,0.79,0.81,0.83,0.8,9472,201,47.12,97.93%,07/26/17
EA,118,Put,100,07/28/17,2,0.09,0.16,0.22,0.23,5095,132,38.6,178.42%,07/26/17
DXC,80.06,Call,85,08/18/17,23,0.40,0.45,0.50,0.55,5253,152,34.56,24.99%,07/26/17
SNAP,13.4,Call,13.5,08/04/17,9,0.55,0.63,0.71,0.67,6574,217,30.29,85.33%,07/26/17
ANET,157.2,Call,165,08/18/17,23,3.10,3.75,4.40,3.87,3525,122,28.89,43.94%,07/26/17
MGM,33.87,Put,32,08/04/17,9,0.28,0.32,0.35,0.33,7147,248,28.82,50.46%,07/26/17
RAD,2.39,Call,2.5,09/15/17,51,0.21,0.22,0.22,0.21,6182,217,28.49,73.63%,07/26/17
DGX,108.22,Call,105,08/18/17,23,4.10,4.25,4.40,4.2,4151,150,27.67,21.37%,07/26/17
VZ,44.4,Call,45.5,08/18/17,23,0.31,0.35,0.39,0.38,3831,148,25.89,17.49%,07/26/17
ANET,157.2,Call,170,08/18/17,23,2.25,2.53,2.80,2.65,3813,164,23.25,44.67%,07/26/17
MA,130.99,Call,140,09/15/17,51,0.46,0.58,0.69,0.61,5120,221,23.17,16.21%,07/26/17
DUK,84.45,Put,60,01/18/19,541,1.00,1.15,1.30,1.15,4530,197,22.99,24.39%,07/26/17
SIRI,5.39,Call,5.5,12/15/17,142,0.30,0.33,0.35,0.33,37535,1648,22.78,27.26%,07/26/17
DAL,51.13,Put,50,07/28/17,2,0.07,0.09,0.11,0.12,4822,219,22.02,42.08%,07/26/17
JPM,91.93,Put,87.5,11/17/17,114,1.85,1.92,1.98,1.82,5050,236,21.4,19.24%,07/26/17
X,26.2,Put,27,07/28/17,2,0.91,0.97,1.03,0.97,2925,138,21.2,83.77%,07/26/17
CLF,7.73,Put,6.5,08/18/17,23,0.09,0.11,0.12,0.09,5013,237,21.15,71.46%,07/26/17
F,11.06,Call,11,08/04/17,9,0.16,0.17,0.18,0.18,3583,170,21.08,20.94%,07/26/17
MA,130.99,Call,133,07/28/17,2,0.96,1.02,1.07,1.04,2217,106,20.92,67.03%,07/26/17
CZR,12.8,Call,10,12/15/17,142,2.60,2.9,3.20,3.05,10227,501,20.41,27.21%,07/26/17
TWTR,19.61,Put,18.5,08/18/17,23,0.63,0.68,0.73,0.68,2541,125,20.33,62.01%,07/26/17
SNAP,13.4,Put,11,08/04/17,9,0.15,0.18,0.20,0.16,2920,147,19.86,127.74%,07/26/17
BA,233.45,Call,230,07/28/17,2,3.90,4.23,4.55,4.23,2463,124,19.86,42.35%,07/26/17
GIMO,39.25,Put,37.5,08/18/17,23,1.60,1.73,1.85,1.6,2000,102,19.61,66.98%,07/26/17
SAVE,48.85,Call,50,08/18/17,23,1.10,1.2,1.30,1.25,4195,234,17.93,35.15%,07/26/17
CTL,22.86,Put,26,10/20/17,86,3.70,3.85,4.00,4,4031,231,17.45,41.37%,07/26/17
TWTR,19.61,Call,39,01/19/18,177,0.02,0.05,0.07,0.06,2369,136,17.42,45.18%,07/26/17
FCX,15.06,Put,15,09/15/17,51,0.78,0.8,0.82,0.8,4091,236,17.33,37.94%,07/26/17
DOW,66.42,Call,64,08/04/17,9,2.21,2.39,2.56,2.12,2425,141,17.2,0.00%,07/26/17
ADI,80.72,Call,87.5,09/15/17,51,0.55,0.65,0.75,0.55,10500,625,16.8,22.63%,07/26/17
DOW,66.42,Call,64,07/28/17,2,2.30,2.44,2.57,2.26,2482,149,16.66,36.89%,07/26/17
JNPR,28.06,Call,28,10/20/17,86,1.42,1.44,1.46,1.45,5489,343,16,25.50%,07/26/17
GE,25.59,Call,26.5,08/18/17,23,0.10,0.11,0.11,0.1,17857,1119,15.96,15.83%,07/26/17
MA,130.99,Put,127,07/28/17,2,0.52,0.59,0.66,0.62,4674,293,15.95,73.43%,07/26/17
AMD,14.76,Put,15,07/28/17,2,0.39,0.41,0.42,0.4,32589,2101,15.51,86.39%,07/26/17
MDT,85.74,Put,82.5,09/15/17,51,0.87,0.94,1.00,0.95,3021,196,15.41,17.92%,07/26/17
PPL,38.09,Call,39,09/15/17,51,0.25,0.3,0.35,0.3,3304,217,15.23,11.21%,07/26/17
CLF,7.73,Call,8.5,08/18/17,23,0.22,0.23,0.24,0.22,5710,378,15.11,66.35%,07/26/17
BX,34.49,Call,23,01/19/18,177,11.25,11.5,11.75,11.35,12780,847,15.09,0.00%,07/26/17
X,26.2,Put,26,01/19/18,177,3.35,3.38,3.40,3.4,4861,325,14.96,49.34%,07/26/17
T,38.03,Put,37.5,07/28/17,2,0.04,0.06,0.07,0.04,5887,398,14.79,29.03%,07/26/17
MU,29.81,Put,26,09/15/17,51,0.44,0.45,0.45,0.45,1933,131,14.76,42.11%,07/26/17
BX,34.49,Call,20,01/18/19,541,12.45,14.05,15.65,14.45,5600,380,14.74,0.00%,07/26/17
JD,45.87,Call,48,08/18/17,23,1.01,1.07,1.13,1.05,3286,226,14.54,42.27%,07/26/17
HOG,48.64,Call,48.5,07/28/17,2,0.43,0.49,0.55,0.5,1982,137,14.47,40.96%,07/26/17
WYNN,132,Call,135,01/19/18,177,10.50,10.58,10.65,10.58,7743,539,14.37,31.74%,07/26/17
BX,34.49,Call,22,01/18/19,541,10.60,12.68,14.75,12.25,4200,293,14.33,0.00%,07/26/17
SLB,66.99,Put,66,08/04/17,9,0.38,0.43,0.47,0.28,1455,102,14.26,21.22%,07/26/17
BX,34.49,Call,25,01/19/18,177,9.35,9.5,9.65,9.5,36501,2569,14.21,0.00%,07/26/17
SRCI,8.23,Put,7.5,09/15/17,51,0.20,0.25,0.30,0.2,2500,176,14.2,46.79%,07/26/17
WFC,54.91,Put,54.5,08/04/17,9,0.50,0.52,0.53,0.47,2067,146,14.16,21.87%,07/26/17
CMCSA,39.35,Put,38,07/28/17,2,0.12,0.14,0.16,0.17,2310,168,13.75,72.15%,07/26/17
JBLU,22.07,Call,24,12/15/17,142,0.80,0.85,0.90,0.71,5024,371,13.54,28.14%,07/26/17
GE,25.59,Put,23,10/20/17,86,0.20,0.22,0.23,0.22,17096,1282,13.34,22.45%,07/26/17
KITE,111.24,Call,120,08/18/17,23,2.45,2.63,2.80,2.5,1920,145,13.24,52.99%,07/26/17
T,38.03,Put,34,11/17/17,114,0.34,0.37,0.39,0.37,2027,154,13.16,21.16%,07/26/17
CVS,78.29,Put,77.5,07/28/17,2,0.17,0.19,0.21,0.21,2213,169,13.09,29.94%,07/26/17
BX,34.49,Call,20,01/19/18,177,14.40,14.55,14.70,14.45,15000,1154,13,0.00%,07/26/17
WBA,78.68,Put,78,07/28/17,2,0.20,0.24,0.28,0.2,3450,268,12.87,31.19%,07/26/17
KSS,40.25,Call,39.5,07/28/17,2,0.80,0.93,1.05,0.95,2000,156,12.82,54.52%,07/26/17
GRA,71.37,Put,72.5,08/18/17,23,2.45,2.6,2.75,2.49,2427,191,12.71,28.58%,07/26/17
MGM,33.87,Put,32,07/28/17,2,0.17,0.21,0.24,0.21,3217,255,12.62,119.82%,07/26/17
SNAP,13.4,Put,12,08/04/17,9,0.29,0.31,0.33,0.31,9501,769,12.36,110.83%,07/26/17
ALKS,57.57,Put,55,08/18/17,23,1.25,1.48,1.70,1.35,5055,409,12.36,46.68%,07/26/17
DDS,73.51,Call,90,08/18/17,23,0.50,0.63,0.75,0.8,6127,496,12.35,64.69%,07/26/17
NKTR,23.12,Call,25,01/19/18,177,2.40,2.6,2.80,2.55,2510,212,11.84,51.49%,07/26/17
AAN,39.74,Put,39,08/18/17,23,1.55,1.75,1.95,1.65,3550,300,11.83,54.80%,07/26/17
X,26.2,Put,25.5,07/28/17,2,0.16,0.18,0.19,0.18,2114,179,11.81,81.40%,07/26/17
MT,25.71,Put,23,12/15/17,142,1.07,1.12,1.16,1.1,6020,514,11.71,37.37%,07/26/17
MELI,286.02,Put,260,08/18/17,23,3.90,4.15,4.40,5.1,1707,147,11.61,50.03%,07/26/17
BIDU,201.17,Put,190,08/11/17,16,1.79,1.89,1.98,2.18,1543,134,11.51,37.17%,07/26/17
X,26.2,Put,26.5,07/28/17,2,0.55,0.58,0.61,0.64,2018,180,11.21,75.12%,07/26/17
BA,233.45,Call,240,09/15/17,51,2.75,2.84,2.92,2.85,2095,187,11.2,15.38%,07/26/17
LVS,61.65,Put,60,08/04/17,9,0.76,0.84,0.91,0.8,1611,144,11.19,42.46%,07/26/17
WMT,78.9,Put,77.5,07/28/17,2,0.05,0.06,0.07,0.06,1228,111,11.06,27.84%,07/26/17
EA,118,Put,103,07/28/17,2,0.18,0.25,0.31,0.2,1262,115,10.97,166.52%,07/26/17
VLY,11.61,Put,12,09/15/17,51,0.55,0.6,0.65,0.55,1255,115,10.91,22.16%,07/26/17
AAOI,98.76,Call,110,09/15/17,51,8.30,8.75,9.20,8.7,1132,108,10.48,88.63%,07/26/17
FB,165.61,Call,182.5,08/18/17,23,0.36,0.57,0.78,0.53,1979,197,10.05,29.99%,07/26/17
SPWR,11.01,Call,10.5,07/28/17,2,0.50,0.63,0.76,0.6,4163,415,10.03,138.25%,07/26/17
MS,47.21,Put,47,07/28/17,2,0.28,0.3,0.31,0.35,2161,217,9.96,39.82%,07/26/17
SU,31.4,Call,35,01/18/19,541,1.65,1.85,2.05,2,1650,170,9.71,19.70%,07/26/17
BMY,55.98,Call,55.5,07/28/17,2,1.15,1.35,1.54,1.3,3879,402,9.65,93.42%,07/26/17
SSNC,39.68,Call,40,10/20/17,86,1.90,2.05,2.20,2.23,1766,185,9.55,28.18%,07/26/17
XLNX,65.32,Put,61,07/28/17,2,0.30,0.34,0.38,0.37,1407,148,9.51,128.27%,07/26/17
AMD,14.76,Put,14.5,07/28/17,2,0.14,0.15,0.15,0.15,16418,1766,9.3,83.24%,07/26/17
X,26.2,Put,25,08/04/17,9,0.33,0.34,0.35,0.32,1310,142,9.23,53.14%,07/26/17
AAP,106.7,Call,120,08/18/17,23,0.55,0.88,1.20,0.79,1218,132,9.23,44.10%,07/26/17
TER,36.8,Put,34,08/18/17,23,0.35,0.43,0.50,0.47,1569,171,9.18,40.68%,07/26/17
FDC,19.04,Call,20,01/19/18,177,0.95,1.05,1.15,1,6803,746,9.12,26.69%,07/26/17
TTM,35.55,Call,36.5,08/18/17,23,0.60,0.7,0.80,0.75,2989,328,9.11,31.24%,07/26/17
DDD,17.09,Put,17,08/04/17,9,0.77,0.81,0.85,0.8,1023,113,9.05,85.12%,07/26/17
FCX,15.06,Call,16,08/04/17,9,0.09,0.1,0.11,0.11,3458,385,8.98,44.53%,07/26/17
DNKN,52.52,Put,50,08/18/17,23,0.45,0.55,0.65,0.6,3341,376,8.89,29.73%,07/26/17
HBI,23.39,Put,21,08/18/17,23,0.15,0.2,0.25,0.15,15005,1709,8.78,44.17%,07/26/17
GIII,25.21,Call,22.5,09/15/17,51,3.60,3.75,3.90,3.8,1008,115,8.77,59.82%,07/26/17
CAB,58.07,Put,55,08/18/17,23,0.55,2.43,4.30,0.95,2036,233,8.74,68.32%,07/26/17
FCX,15.06,Call,17,10/20/17,86,0.40,0.43,0.45,0.45,2671,306,8.73,36.72%,07/26/17
T,38.03,Call,37.5,09/01/17,37,1.03,1.07,1.11,1.1,2093,247,8.47,15.87%,07/26/17
WYNN,132,Call,130,07/28/17,2,2.28,2.39,2.49,2.49,2072,245,8.46,40.44%,07/26/17
FB,165.61,Call,197.5,07/28/17,2,0.01,0.03,0.04,0.04,1164,139,8.37,134.24%,07/26/17
AMD,14.76,Put,16,08/18/17,23,1.56,1.58,1.60,1.6,2646,317,8.35,54.75%,07/26/17
GLW,30.42,Put,31,08/04/17,9,0.71,0.78,0.85,0.91,1087,131,8.3,23.99%,07/26/17
BX,34.49,Call,31,09/15/17,51,3.40,3.48,3.55,3.55,29658,3599,8.24,0.00%,07/26/17
VLO,67.99,Put,69,07/28/17,2,1.36,1.52,1.68,1.45,1052,134,7.85,65.06%,07/26/17
BBBY,29.24,Call,28.5,07/28/17,2,0.67,0.85,1.03,0.65,2096,273,7.68,60.79%,07/26/17
SNAP,13.4,Call,14,08/04/17,9,0.39,0.43,0.47,0.41,12045,1592,7.57,85.05%,07/26/17
JD,45.87,Call,47,07/28/17,2,0.10,0.13,0.16,0.12,1205,163,7.39,52.22%,07/26/17
HZNP,13.22,Put,13,08/18/17,23,0.65,0.68,0.70,0.7,3498,474,7.38,61.14%,07/26/17
FB,165.61,Call,177.5,08/11/17,16,0.87,0.9,0.93,0.89,1562,212,7.37,32.97%,07/26/17
BLK,432.71,Call,410,01/19/18,177,32.60,34.2,35.80,34.6,1001,136,7.36,16.56%,07/26/17
AKAM,45.49,Put,40,01/18/19,541,4.05,4.2,4.35,4.2,2061,280,7.36,33.48%,07/26/17
BIIB,295.61,Call,310,09/15/17,51,4.80,5,5.20,5.03,2155,295,7.31,23.58%,07/26/17
NUE,58.12,Call,57,07/28/17,2,1.21,1.32,1.43,1.93,1090,150,7.27,49.88%,07/26/17
MRK,61.8,Call,62.5,07/28/17,2,0.43,0.46,0.48,0.49,1800,248,7.26,58.04%,07/26/17
IRBT,106.49,Call,110,08/18/17,23,3.00,3.5,4.00,4,1798,248,7.25,47.52%,07/26/17
WYNN,132,Call,131,07/28/17,2,1.40,1.84,2.27,1.75,847,117,7.24,46.27%,07/26/17
BA,233.45,Call,230,02/16/18,205,13.60,14,14.40,13.75,10139,1407,7.21,16.57%,07/26/17
JPM,91.93,Call,93,09/01/17,37,1.17,1.25,1.32,1.26,1997,280,7.13,14.56%,07/26/17
MGM,33.87,Call,33.5,08/04/17,9,1.12,1.18,1.23,1.18,817,116,7.04,48.99%,07/26/17
JD,45.87,Call,46,08/04/17,9,0.80,0.83,0.85,0.85,1248,178,7.01,32.56%,07/26/17
NOW,109.72,Call,116,07/28/17,2,1.15,1.33,1.50,1.35,837,120,6.98,154.24%,07/26/17
UPS,112.29,Put,107,07/28/17,2,0.20,0.23,0.25,0.27,1103,160,6.89,74.82%,07/26/17
AVGO,257.01,Call,260,07/28/17,2,0.55,0.63,0.70,0.65,1511,223,6.78,31.87%,07/26/17
WFC,54.91,Put,54,08/11/17,16,0.41,0.46,0.50,0.44,2011,298,6.75,19.10%,07/26/17
IMAX,21.85,Call,23,08/18/17,23,0.60,0.63,0.65,0.65,2368,352,6.73,50.17%,07/26/17
AMD,14.76,Call,18.5,08/11/17,16,0.01,0.03,0.05,0.03,739,110,6.72,61.96%,07/26/17
MIDD,130.11,Put,125,09/15/17,51,3.00,3.35,3.70,3.1,1000,149,6.71,29.80%,07/26/17
BABA,155.79,Call,145,08/11/17,16,11.45,11.95,12.45,11.95,1410,211,6.68,38.14%,07/26/17
CEQP,24.75,Call,25,08/18/17,23,0.40,0.48,0.55,0.55,883,133,6.64,24.00%,07/26/17
PYPL,58.79,Put,59,07/28/17,2,1.71,1.79,1.86,1.84,1045,159,6.57,136.54%,07/26/17
FLEX,16.98,Put,16.5,07/28/17,2,0.17,0.2,0.22,0.2,2772,423,6.55,111.29%,07/26/17
MGM,33.87,Put,34,07/28/17,2,0.79,0.84,0.88,0.83,5104,782,6.53,108.51%,07/26/17
SPGI,154.58,Put,145,08/18/17,23,0.55,0.65,0.75,0.65,1019,156,6.53,24.51%,07/26/17
TER,36.8,Put,35,08/18/17,23,0.45,0.6,0.75,0.7,974,151,6.45,37.44%,07/26/17
MLCO,21.32,Put,15.68,01/18/19,541,1.15,1.3,1.45,1.25,1000,155,6.45,39.77%,07/26/17
SGMS,39,Call,40,01/19/18,177,4.80,5,5.20,5.05,20139,3128,6.44,49.59%,07/26/17
MA,130.99,Call,132,07/28/17,2,1.33,1.42,1.51,1.5,1188,186,6.39,68.49%,07/26/17
NVDA,167.26,Put,148,08/25/17,30,2.66,2.78,2.89,2.56,710,112,6.34,53.61%,07/26/17
SBGI,36.35,Call,37,08/18/17,23,0.95,1.08,1.20,1,1489,235,6.34,38.03%,07/26/17
OAS,7.86,Call,8,11/17/17,114,1.00,1.05,1.10,1.23,1100,175,6.29,63.24%,07/26/17
ATSG,24.74,Call,25,08/18/17,23,0.85,0.98,1.10,0.9,821,132,6.22,44.89%,07/26/17
SQ,27.31,Call,29,01/19/18,177,2.80,2.9,3.00,2.95,1210,195,6.21,46.71%,07/26/17
SNAP,13.4,Put,13,08/25/17,30,1.23,1.34,1.45,1.3,1031,166,6.21,103.96%,07/26/17
JD,45.87,Put,45,07/28/17,2,0.16,0.2,0.23,0.18,711,115,6.18,54.63%,07/26/17
DOW,66.42,Call,68,07/28/17,2,0.04,0.11,0.17,0.08,1659,269,6.17,41.63%,07/26/17
AIG,65.19,Call,68,08/11/17,16,0.28,0.34,0.39,0.32,1741,282,6.17,23.57%,07/26/17
MDCO,38.33,Call,40,08/18/17,23,1.10,1.68,2.25,1.9,860,140,6.14,62.87%,07/26/17
NLSN,39.89,Put,35,11/17/17,114,0.70,0.83,0.95,0.85,1750,286,6.12,31.37%,07/26/17
GOOGL,965.31,Call,967.5,07/28/17,2,2.75,3.28,3.80,3.04,1336,220,6.07,21.15%,07/26/17
ATI,18.74,Put,17.5,09/15/17,51,0.60,0.65,0.70,0.65,2000,331,6.04,44.06%,07/26/17
T,38.03,Call,40,11/17/17,114,0.48,0.51,0.54,0.51,893,149,5.99,14.04%,07/26/17
TTPH,7.88,Put,5,02/16/18,205,0.45,0.58,0.70,0.5,967,162,5.97,88.37%,07/26/17
STX,32.34,Call,32.5,07/28/17,2,0.28,0.31,0.33,0.28,1371,232,5.91,56.02%,07/26/17
GLW,30.42,Put,18,01/18/19,541,0.39,0.43,0.47,0.4,1601,272,5.89,34.14%,07/26/17
AMAT,47.45,Call,46.5,08/04/17,9,1.30,1.35,1.39,1.27,2505,428,5.85,27.80%,07/26/17
MELI,286.02,Put,270,08/18/17,23,6.60,7,7.40,6.8,1108,190,5.83,49.98%,07/26/17
CAT,113.52,Put,107,08/18/17,23,0.36,0.39,0.41,0.39,724,125,5.79,21.70%,07/26/17
EW,115.61,Call,125,07/28/17,2,1.05,1.25,1.45,1.13,695,120,5.79,177.55%,07/26/17
AAPL,153.46,Put,141,08/11/17,16,0.36,0.38,0.40,0.36,1432,248,5.77,31.12%,07/26/17
BX,34.49,Call,28,01/19/18,177,6.40,6.53,6.65,6.5,162540,28321,5.74,0.00%,07/26/17
RDC,11.67,Call,14,01/19/18,177,0.85,0.93,1.00,0.95,1305,229,5.7,52.23%,07/26/17
ALXN,131.07,Put,130,08/18/17,23,3.60,4.35,5.10,4.1,1026,180,5.7,38.40%,07/26/17
ICE,66.34,Put,50,01/18/19,541,1.30,1.53,1.75,1.5,599,107,5.6,25.24%,07/26/17
PSA,210.06,Put,210,08/18/17,23,4.20,4.6,5.00,4.79,1562,281,5.56,22.85%,07/26/17
FSLR,45.44,Call,50.5,07/28/17,2,0.32,0.35,0.37,0.35,1102,200,5.51,188.69%,07/26/17
TSLA,343.85,Put,342.5,07/28/17,2,2.90,3,3.10,2.95,2440,444,5.5,50.79%,07/26/17
LVS,61.65,Call,63.5,07/28/17,2,0.52,0.59,0.65,0.58,1798,328,5.48,99.99%,07/26/17
LRCX,168.34,Put,165,08/18/17,23,4.10,4.35,4.60,4.14,1043,191,5.46,36.26%,07/26/17
CAB,58.07,Put,50,08/18/17,23,0.25,0.48,0.70,0.7,2186,401,5.45,54.62%,07/26/17
MMM,199.03,Put,195,08/04/17,9,0.46,0.49,0.52,0.47,759,140,5.42,15.98%,07/26/17
NFLX,189.08,Call,187.5,09/01/17,37,7.60,7.78,7.95,7.8,590,109,5.41,29.05%,07/26/17
INTC,34.75,Call,36,08/04/17,9,0.16,0.18,0.20,0.19,3431,637,5.39,29.21%,07/26/17
EW,115.61,Put,110,07/28/17,2,1.80,2.05,2.30,2.05,834,155,5.38,181.99%,07/26/17
CELG,137.75,Call,143,07/28/17,2,0.44,0.49,0.54,0.49,778,145,5.37,74.33%,07/26/17
IP,56.39,Call,59,07/28/17,2,0.03,0.06,0.09,0.06,707,133,5.32,59.81%,07/26/17
ADI,80.72,Call,85,01/19/18,177,3.30,3.4,3.50,3.5,2802,528,5.31,22.25%,07/26/17
BA,233.45,Put,220,08/18/17,23,0.95,1.01,1.06,1,1093,206,5.31,23.47%,07/26/17
FB,165.61,Call,187.5,08/04/17,9,0.10,0.18,0.25,0.2,1728,327,5.28,46.59%,07/26/17
JD,45.87,Call,46,07/28/17,2,0.38,0.42,0.45,0.48,999,190,5.26,49.68%,07/26/17
MGM,33.87,Put,34,08/04/17,9,0.96,1.01,1.06,1.05,576,110,5.24,47.31%,07/26/17
BA,233.45,Put,220,09/15/17,51,1.94,2.06,2.17,2.06,867,166,5.22,20.49%,07/26/17
ADP,105.98,Call,115,01/19/18,177,2.40,2.58,2.75,2.5,1301,250,5.2,19.17%,07/26/17
WYNN,132,Call,135,09/15/17,51,4.60,4.68,4.75,4.69,13805,2672,5.17,30.33%,07/26/17
WYNN,132,Call,130,08/04/17,9,3.00,3.5,4.00,3.79,565,110,5.14,30.33%,07/26/17
PYPL,58.79,Call,60,09/15/17,51,1.82,1.98,2.14,2.06,966,188,5.14,28.54%,07/26/17
AIG,65.19,Call,66,08/11/17,16,0.85,0.91,0.97,0.84,1426,280,5.09,23.80%,07/26/17
SLB,66.99,Put,47.5,01/18/19,541,1.45,1.58,1.71,1.45,1294,256,5.05,29.09%,07/26/17
IRBT,106.49,Call,105,08/18/17,23,5.90,6.1,6.30,6,659,131,5.03,51.07%,07/26/17
MDXG,14.65,Put,12.5,12/15/17,142,1.10,1.15,1.20,1.2,5103,1016,5.02,62.06%,07/26/17
F,11.06,Call,11,07/28/17,2,0.08,0.09,0.09,0.11,2817,561,5.02,21.29%,07/26/17
BIDU,201.17,Call,215,07/28/17,2,0.93,1.03,1.12,0.95,743,148,5.02,122.08%,07/26/17
NEM,36.96,Put,36,08/18/17,23,0.45,0.49,0.52,0.41,5040,1013,4.98,24.98%,07/26/17
BABA,155.79,Put,143,08/11/17,16,0.55,0.72,0.88,1.05,525,106,4.95,37.28%,07/26/17
AMAT,47.45,Call,46.5,07/28/17,2,1.01,1.06,1.10,1,2828,571,4.95,42.60%,07/26/17
AIG,65.19,Put,63,08/11/17,16,0.45,0.51,0.56,0.48,953,193,4.94,25.67%,07/26/17
UA,17.55,Put,17,08/04/17,9,0.55,0.65,0.75,0.55,529,107,4.94,88.29%,07/26/17
DPS,92.15,Put,90,08/18/17,23,1.00,1.13,1.25,1.3,1051,213,4.93,22.91%,07/26/17
BX,34.49,Call,25,01/18/19,541,7.65,8.83,10.00,9.9,30000,6217,4.83,0.00%,07/26/17
LVS,61.65,Put,62,08/04/17,9,1.55,1.65,1.74,1.64,2885,599,4.82,40.31%,07/26/17
AMD,14.76,Put,17,09/15/17,51,2.68,2.7,2.72,2.66,2088,435,4.8,55.87%,07/26/17
EA,118,Put,115,08/18/17,23,2.75,2.93,3.10,3.45,1212,253,4.79,37.61%,07/26/17
CAT,113.52,Call,115,08/11/17,16,1.00,1.09,1.17,1.1,912,191,4.77,18.45%,07/26/17
JNPR,28.06,Call,28,08/18/17,23,0.63,0.66,0.69,0.63,1176,247,4.76,22.59%,07/26/17
PANW,138.73,Put,110,12/15/17,142,2.44,2.63,2.82,2.6,528,111,4.76,39.16%,07/26/17
CMG,340.6,Put,335,08/04/17,9,4.70,4.8,4.90,4.84,955,202,4.73,36.55%,07/26/17
HES,43.47,Call,43,07/28/17,2,0.68,0.74,0.80,0.73,2841,602,4.72,51.73%,07/26/17
CVS,78.29,Put,78,07/28/17,2,0.30,0.34,0.37,0.33,2080,441,4.72,28.60%,07/26/17
BIIB,295.61,Call,297.5,07/28/17,2,1.70,1.9,2.10,1.95,787,167,4.71,44.22%,07/26/17
HL,5.45,Call,6,08/18/17,23,0.05,0.07,0.08,0.06,6040,1285,4.7,44.31%,07/26/17
MSFT,74.05,Call,74.5,09/01/17,37,1.01,1.06,1.10,1.02,1768,377,4.69,13.24%,07/26/17
GT,35.79,Call,37,08/18/17,23,0.50,0.55,0.60,0.55,1038,222,4.68,29.10%,07/26/17
MO,71.73,Put,70,07/28/17,2,0.02,0.07,0.11,0.06,1062,228,4.66,36.59%,07/26/17
GILD,74.19,Put,74,07/28/17,2,1.64,1.65,1.65,1.64,3739,803,4.66,112.44%,07/26/17
EPD,27.6,Put,27,08/18/17,23,0.30,0.35,0.40,0.35,1156,250,4.62,22.82%,07/26/17
MSFT,74.05,Put,47.5,12/15/17,142,0.11,0.12,0.13,0.12,590,128,4.61,36.45%,07/26/17
FB,165.61,Call,220,08/18/17,23,0.00,0.13,0.13,0.02,612,133,4.6,48.44%,07/26/17
WBA,78.68,Put,76,08/18/17,23,0.47,0.51,0.55,0.45,1039,227,4.58,19.75%,07/26/17
MGM,33.87,Put,34.5,07/28/17,2,1.07,1.12,1.17,1.17,2038,450,4.53,107.15%,07/26/17
CAG,33.83,Call,37,12/15/17,142,0.55,0.63,0.70,0.65,1622,362,4.48,19.77%,07/26/17
CYTR,0.6,Call,1,03/16/18,233,0.10,0.13,0.15,0.15,702,158,4.44,116.28%,07/26/17
STX,32.34,Put,32,03/16/18,233,3.90,3.98,4.05,4.05,1113,251,4.43,41.88%,07/26/17
HCA,81.63,Put,80,07/28/17,2,0.20,0.25,0.30,0.35,812,184,4.41,48.63%,07/26/17
FB,165.61,Call,172.5,08/18/17,23,2.08,2.16,2.24,2.15,2077,472,4.4,29.05%,07/26/17
CVX,105.12,Put,103,07/28/17,2,0.45,0.47,0.49,0.46,3208,734,4.37,57.82%,07/26/17
MSI,91.84,Call,92.5,08/18/17,23,1.92,2,2.07,1.89,715,164,4.36,25.29%,07/26/17
AMD,14.76,Call,16,08/11/17,16,0.25,0.26,0.26,0.24,2148,493,4.36,56.91%,07/26/17
STX,32.34,Call,33,09/15/17,51,1.14,1.19,1.23,1.16,1142,263,4.34,30.52%,07/26/17
CMG,340.6,Put,335,07/28/17,2,1.60,1.8,2.00,1.8,1705,393,4.34,56.62%,07/26/17
AMD,14.76,Put,14.5,08/18/17,23,0.63,0.65,0.66,0.65,1196,276,4.33,53.96%,07/26/17
UAL,70.24,Call,69,07/28/17,2,1.39,1.47,1.55,1.49,502,116,4.33,46.42%,07/26/17
CAT,113.52,Call,116,08/04/17,9,0.37,0.41,0.45,0.45,582,135,4.31,18.88%,07/26/17
VLO,67.99,Put,67.5,08/04/17,9,0.92,1.04,1.15,1.08,540,126,4.29,31.80%,07/26/17
TK,8.57,Put,10,08/18/17,23,1.65,1.75,1.85,1.8,1028,241,4.27,94.64%,07/26/17
MA,130.99,Call,145,01/19/18,177,1.43,1.72,2.00,1.74,1518,359,4.23,16.33%,07/26/17
FB,165.61,Put,162.5,08/18/17,23,3.20,3.55,3.90,3.3,679,161,4.22,31.10%,07/26/17
GLW,30.42,Call,31,08/04/17,9,0.12,0.16,0.20,0.17,519,123,4.22,20.93%,07/26/17
MO,71.73,Call,74,07/28/17,2,0.00,0.06,0.06,0.03,1255,302,4.16,36.45%,07/26/17
PYPL,58.79,Put,56,07/28/17,2,0.56,0.61,0.66,0.6,1097,264,4.16,137.06%,07/26/17
AMZN,1052.8,Call,1160,07/28/17,2,0.41,0.55,0.69,0.96,850,205,4.15,95.47%,07/26/17
CMG,340.6,Put,340,07/28/17,2,3.60,3.8,4.00,3.53,3593,867,4.14,57.67%,07/26/17
SLB,66.99,Put,67,07/28/17,2,0.41,0.44,0.47,0.48,2466,595,4.14,31.17%,07/26/17
TPX,56.85,Call,57.5,08/18/17,23,2.65,2.93,3.20,2.9,2283,555,4.11,57.60%,07/26/17
VLO,67.99,Put,66.5,08/04/17,9,0.54,0.7,0.86,0.69,521,127,4.1,33.20%,07/26/17
FCX,15.06,Call,16,07/28/17,2,0.03,0.04,0.04,0.05,5744,1407,4.08,90.42%,07/26/17
USB,52.43,Put,52,08/04/17,9,0.29,0.32,0.35,0.29,2103,516,4.08,16.57%,07/26/17
SEAS,15.04,Call,20,01/19/18,177,0.15,0.2,0.25,0.15,14000,3441,4.07,32.46%,07/26/17
TWTR,19.61,Put,19.5,08/18/17,23,1.06,1.13,1.20,1.18,1210,298,4.06,62.24%,07/26/17
CMG,340.6,Put,327.5,07/28/17,2,0.50,0.6,0.70,0.57,814,202,4.03,62.11%,07/26/17
S,8.55,Call,14,08/18/17,23,0.00,0.04,0.04,0.02,600,149,4.03,98.31%,07/26/17
AMZN,1052.8,Put,1050,07/28/17,2,18.60,19.1,19.60,19.25,1206,300,4.02,93.31%,07/26/17
ADP,105.98,Call,115,08/18/17,23,0.65,0.73,0.80,0.81,1689,420,4.02,32.70%,07/26/17
V,100.85,Put,101,07/28/17,2,0.53,0.6,0.66,0.56,1124,282,3.99,24.59%,07/26/17
IRBT,106.49,Call,100,08/18/17,23,8.30,8.75,9.20,8.51,1439,364,3.95,47.26%,07/26/17
SNAP,13.4,Put,13,08/04/17,9,0.61,0.63,0.65,0.64,4348,1100,3.95,104.76%,07/26/17
AMD,14.76,Put,16,07/28/17,2,1.25,1.29,1.32,1.3,2732,694,3.94,120.01%,07/26/17
TWTR,19.61,Put,16.5,07/28/17,2,0.08,0.1,0.11,0.1,4827,1228,3.93,245.09%,07/26/17
XLNX,65.32,Call,65,07/28/17,2,1.76,1.9,2.03,1.8,546,139,3.93,127.12%,07/26/17
MSFT,74.05,Call,74.5,08/18/17,23,0.78,0.8,0.81,0.72,936,238,3.93,13.51%,07/26/17
AMD,14.76,Call,15.5,08/04/17,9,0.21,0.23,0.24,0.22,8731,2226,3.92,57.21%,07/26/17
MU,29.81,Call,31,07/28/17,2,0.11,0.12,0.13,0.13,23428,6020,3.89,79.99%,07/26/17
NKE,58.36,Put,58,08/04/17,9,0.45,0.47,0.48,0.43,571,147,3.88,18.47%,07/26/17
AAL,51.01,Call,51,08/04/17,9,1.16,1.23,1.30,1.19,715,186,3.84,40.47%,07/26/17
BX,34.49,Call,30,01/19/18,177,4.40,4.53,4.65,4.5,78065,20303,3.84,0.00%,07/26/17
BA,233.45,Put,215,07/28/17,2,0.01,0.03,0.04,0.04,557,145,3.84,67.02%,07/26/17
T,38.03,Put,38,07/28/17,2,0.15,0.17,0.19,0.17,1656,432,3.83,23.33%,07/26/17
F,11.06,Put,10.5,08/11/17,16,0.03,0.04,0.05,0.05,828,216,3.83,24.48%,07/26/17
BX,34.49,Call,32,09/15/17,51,2.45,2.54,2.62,2.59,11460,3003,3.82,0.00%,07/26/17
AMAT,47.45,Put,46.5,07/28/17,2,0.08,0.11,0.14,0.16,1465,384,3.82,43.58%,07/26/17
GILD,74.19,Put,75,11/17/17,114,4.10,4.65,5.20,4.5,1651,433,3.81,26.44%,07/26/17
ACHN,4.2,Put,5,09/15/17,51,0.90,1,1.10,1,1250,328,3.81,75.36%,07/26/17
FINL,13.47,Put,13,08/18/17,23,0.25,0.28,0.30,0.25,5019,1325,3.79,36.79%,07/26/17
AMZN,1052.8,Call,1052.5,07/28/17,2,20.45,20.8,21.15,21.15,819,216,3.79,93.88%,07/26/17
FB,165.61,Put,165,08/25/17,30,4.20,4.6,5.00,4.85,667,176,3.79,26.74%,07/26/17
AMD,14.76,Put,13.5,08/18/17,23,0.27,0.29,0.30,0.27,1826,483,3.78,54.72%,07/26/17
CZR,12.8,Call,12,12/15/17,142,1.20,1.4,1.60,1.3,935,250,3.74,29.79%,07/26/17
DDD,17.09,Put,15,11/17/17,114,1.07,1.12,1.16,1.11,5012,1339,3.74,56.74%,07/26/17
BX,34.49,Call,30,09/15/17,51,4.40,4.48,4.55,4.5,11432,3053,3.74,0.00%,07/26/17
F,11.06,Put,11,08/25/17,30,0.22,0.23,0.24,0.23,1224,328,3.73,21.24%,07/26/17
CMG,340.6,Put,340,08/04/17,9,6.70,7,7.30,6.91,917,247,3.71,36.51%,07/26/17
FB,165.61,Put,152.5,08/18/17,23,0.57,0.73,0.88,0.87,1095,295,3.71,29.59%,07/26/17
FB,165.61,Call,185,09/15/17,51,0.87,0.99,1.10,0.95,8200,2219,3.7,25.31%,07/26/17
HOG,48.64,Call,49,07/28/17,2,0.23,0.28,0.33,0.28,687,186,3.69,42.77%,07/26/17
WFC,54.91,Put,54.5,08/18/17,23,0.76,0.78,0.80,0.78,991,269,3.68,18.43%,07/26/17
PYPL,58.79,Call,62,07/28/17,2,0.53,0.58,0.62,0.52,2703,735,3.68,136.83%,07/26/17
WYNN,132,Call,132,07/28/17,2,0.35,0.77,1.19,1.09,699,191,3.66,27.86%,07/26/17
BX,34.49,Call,27,01/18/19,541,6.00,7.1,8.20,8.45,8800,2402,3.66,0.00%,07/26/17
ANF,9.54,Put,10,09/15/17,51,1.16,1.21,1.26,1.25,1126,308,3.66,67.57%,07/26/17
PANW,138.73,Call,145,08/18/17,23,1.35,1.5,1.65,1.42,3412,935,3.65,27.51%,07/26/17
SBUX,57.94,Put,54,07/28/17,2,0.17,0.2,0.22,0.21,1302,358,3.64,114.05%,07/26/17
CMCSA,39.35,Put,38.5,07/28/17,2,0.23,0.25,0.26,0.27,2108,583,3.62,70.47%,07/26/17
FLO,17.74,Call,20,10/20/17,86,0.15,0.2,0.25,0.25,2128,591,3.6,25.05%,07/26/17
BABA,155.79,Put,162.5,08/04/17,9,6.50,7.2,7.90,7.05,1084,303,3.58,27.85%,07/26/17
MS,47.21,Call,55,06/15/18,324,1.41,1.47,1.52,1.52,2000,560,3.57,21.65%,07/26/17
F,11.06,Put,10.5,08/04/17,9,0.01,0.03,0.04,0.02,1328,372,3.57,28.96%,07/26/17
F,11.06,Put,10,11/17/17,114,0.19,0.2,0.21,0.2,1103,309,3.57,25.47%,07/26/17
STX,32.34,Call,33,07/28/17,2,0.12,0.14,0.16,0.15,1139,320,3.56,56.08%,07/26/17
MT,25.71,Call,25,01/18/19,541,4.45,4.98,5.50,4.97,630,177,3.56,36.32%,07/26/17
BOOT,6.6,Call,7.5,08/18/17,23,0.15,0.4,0.65,0.35,502,141,3.56,111.43%,07/26/17
SQM,39.43,Call,40,10/20/17,86,2.25,2.3,2.35,2.3,2472,701,3.53,33.13%,07/26/17
AMD,14.76,Call,16.5,08/18/17,23,0.24,0.25,0.25,0.24,3159,895,3.53,55.10%,07/26/17
X,26.2,Call,28,07/28/17,2,0.03,0.04,0.04,0.03,3023,859,3.52,84.51%,07/26/17
LVS,61.65,Call,64,07/28/17,2,0.39,0.45,0.51,0.45,3911,1117,3.5,99.16%,07/26/17
HALO,13.53,Call,13,01/19/18,177,1.80,1.85,1.90,1.9,2455,703,3.49,41.96%,07/26/17
EPD,27.6,Call,18,01/19/18,177,9.50,9.65,9.80,9.6,600,172,3.49,0.00%,07/26/17
ATVI,62.64,Call,61.5,07/28/17,2,1.23,1.28,1.32,1.18,2215,640,3.46,39.71%,07/26/17
FB,165.61,Call,185,08/04/17,9,0.20,0.26,0.32,0.25,1403,407,3.45,45.90%,07/26/17
GILD,74.19,Put,70,07/28/17,2,0.38,0.4,0.42,0.41,3716,1079,3.44,116.57%,07/26/17
RACE,105.41,Call,105,09/15/17,51,4.30,4.55,4.80,4.67,543,158,3.44,27.46%,07/26/17
SBUX,57.94,Call,62,07/28/17,2,0.15,0.16,0.17,0.14,2349,687,3.42,102.74%,07/26/17
FE,31.1,Put,29,01/19/18,177,0.80,0.9,1.00,0.96,4050,1188,3.41,21.80%,07/26/17
TRN,26.96,Call,27,10/20/17,86,1.50,1.65,1.80,1.7,1009,296,3.41,31.56%,07/26/17
FB,165.61,Call,182.5,08/04/17,9,0.16,0.32,0.47,0.39,1497,439,3.41,43.20%,07/26/17
TWTR,19.61,Put,17.5,08/04/17,9,0.26,0.29,0.32,0.3,988,291,3.4,92.87%,07/26/17
COST,152.09,Call,150,09/15/17,51,4.80,4.95,5.10,5.04,627,185,3.39,16.50%,07/26/17
PFE,32.89,Put,32.5,08/18/17,23,0.39,0.41,0.43,0.41,645,190,3.39,18.53%,07/26/17
FB,165.61,Call,175,08/11/17,16,1.21,1.37,1.52,1.38,1575,464,3.39,33.39%,07/26/17
OCLR,10.04,Call,10.5,07/28/17,2,0.00,0.1,0.10,0.05,1645,487,3.38,94.13%,07/26/17
BAC,24.21,Put,25.5,07/28/17,2,1.28,1.3,1.31,1.33,1592,472,3.37,49.96%,07/26/17
FB,165.61,Call,240,06/15/18,324,1.44,1.64,1.83,1.64,1722,512,3.36,26.57%,07/26/17
BX,34.49,Call,29,09/15/17,51,5.40,5.48,5.55,5.55,1323,397,3.33,0.00%,07/26/17
LVS,61.65,Put,61,08/04/17,9,1.10,1.19,1.27,1.18,1699,510,3.33,41.26%,07/26/17
AMD,14.76,Call,17,08/04/17,9,0.03,0.04,0.05,0.03,5165,1554,3.32,62.30%,07/26/17
TXN,82.53,Call,86,07/28/17,2,0.01,0.02,0.03,0.02,641,193,3.32,41.32%,07/26/17
AMD,14.76,Call,15.5,08/11/17,16,0.36,0.38,0.39,0.36,1440,435,3.31,55.59%,07/26/17
IBM,145.36,Call,145,07/28/17,2,0.74,0.79,0.84,0.74,699,211,3.31,19.46%,07/26/17
T,38.03,Put,35.5,08/04/17,9,0.02,0.03,0.03,0.02,3010,911,3.3,26.99%,07/26/17
WMT,78.9,Put,80,09/15/17,51,2.70,2.77,2.83,2.88,2035,616,3.3,19.12%,07/26/17
IBM,145.36,Call,146,07/28/17,2,0.28,0.31,0.34,0.29,727,221,3.29,18.82%,07/26/17
BWLD,122.65,Put,110,09/15/17,51,1.50,2.35,3.20,2.25,1000,305,3.28,40.63%,07/26/17
AMD,14.76,Put,15,09/15/17,51,1.30,1.32,1.33,1.29,1507,459,3.28,54.90%,07/26/17
SAVE,48.85,Put,42.5,09/15/17,51,0.45,0.53,0.60,0.55,2037,621,3.28,37.83%,07/26/17
VLY,11.61,Call,12,12/15/17,142,0.45,0.48,0.50,0.5,1120,341,3.28,21.59%,07/26/17
AMD,14.76,Put,14,08/25/17,30,0.54,0.56,0.57,0.53,651,199,3.27,55.02%,07/26/17
STZ,193.38,Call,195,08/18/17,23,2.50,2.68,2.85,2.75,1690,521,3.24,17.72%,07/26/17
WDC,92.96,Put,80,07/28/17,2,0.05,0.09,0.13,0.01,1609,497,3.24,155.70%,07/26/17
SNAP,13.4,Put,12.5,08/04/17,9,0.43,0.45,0.46,0.45,2070,639,3.24,107.18%,07/26/17
PYPL,58.79,Put,58,07/28/17,2,1.26,1.32,1.37,1.33,2951,914,3.23,137.91%,07/26/17
BX,34.49,Call,33,08/18/17,23,1.43,1.5,1.56,1.56,10468,3250,3.22,0.00%,07/26/17
EW,115.61,Put,105,07/28/17,2,0.70,0.9,1.10,0.92,1296,404,3.21,185.16%,07/26/17
CMI,165.97,Call,170,08/04/17,9,1.75,1.95,2.15,2.2,624,196,3.18,36.28%,07/26/17
FCX,15.06,Put,15,07/28/17,2,0.18,0.19,0.20,0.19,2326,734,3.17,69.75%,07/26/17
PYPL,58.79,Put,57.5,07/28/17,2,1.03,1.1,1.16,1.12,1141,361,3.16,136.89%,07/26/17
AMD,14.76,Call,15,09/01/17,37,0.87,0.91,0.94,0.91,877,278,3.15,54.43%,07/26/17
FCX,15.06,Put,14,09/15/17,51,0.38,0.4,0.42,0.4,1471,469,3.14,38.81%,07/26/17
QCOM,53.14,Call,53,07/28/17,2,0.35,0.37,0.39,0.31,1222,391,3.13,26.51%,07/26/17
BX,34.49,Call,30,12/15/17,142,4.40,4.5,4.60,4.55,1065,341,3.12,0.00%,07/26/17
JD,45.87,Call,45,07/28/17,2,1.00,1.05,1.09,1.16,1655,533,3.11,51.78%,07/26/17
FFIV,128.2,Call,130,07/28/17,2,3.00,3.45,3.90,3.25,624,202,3.09,159.12%,07/26/17
GILD,74.19,Call,74,08/18/17,23,1.91,2.2,2.48,2.18,1351,439,3.08,28.59%,07/26/17
COP,43.7,Put,42,07/28/17,2,0.03,0.06,0.09,0.05,832,270,3.08,58.46%,07/26/17
BX,34.49,Call,27,09/15/17,51,7.40,7.48,7.55,7.52,1020,331,3.08,0.00%,07/26/17
FCX,15.06,Call,17,09/15/17,51,0.25,0.27,0.28,0.26,623,203,3.07,39.11%,07/26/17
LRCX,168.34,Call,175,08/18/17,23,2.95,3.28,3.60,3.07,1190,387,3.07,35.63%,07/26/17
WYNN,132,Put,125,07/28/17,2,0.04,0.07,0.09,0.07,1452,476,3.05,59.57%,07/26/17
GG,13.79,Call,13.5,08/18/17,23,0.65,0.67,0.68,0.65,3391,1115,3.04,37.55%,07/26/17
GM,35.62,Call,37.5,08/18/17,23,0.09,0.1,0.10,0.1,1001,329,3.04,17.70%,07/26/17
HRS,115.23,Call,115,08/18/17,23,2.40,2.58,2.75,2.35,746,246,3.03,21.46%,07/26/17
BX,34.49,Call,29,12/15/17,142,5.40,5.5,5.60,5.5,1025,338,3.03,0.00%,07/26/17
CHK,4.84,Call,4.5,08/18/17,23,0.44,0.45,0.46,0.47,576,191,3.02,52.69%,07/26/17
MITL,7.5,Call,7.5,08/18/17,23,0.10,0.28,0.45,0.4,528,175,3.02,37.12%,07/26/17
GRPN,3.76,Call,5,09/15/17,51,0.05,0.07,0.08,0.07,1013,338,3,66.30%,07/26/17
X,26.2,Call,26.5,08/04/17,9,0.66,0.68,0.69,0.64,603,202,2.99,52.29%,07/26/17
BA,233.45,Call,230,08/18/17,23,5.80,5.93,6.05,5.8,4457,1489,2.99,17.01%,07/26/17
BA,233.45,Call,225,08/18/17,23,9.50,9.75,10.00,8.67,501,168,2.98,18.23%,07/26/17
FCX,15.06,Put,14,01/19/18,177,1.01,1.03,1.04,1.01,2448,831,2.95,38.12%,07/26/17
AER,48.8,Call,47.5,08/18/17,23,1.75,1.95,2.15,1.9,1236,419,2.95,24.72%,07/26/17
TWTR,19.61,Call,19.5,08/18/17,23,1.20,1.25,1.30,1.25,1077,366,2.94,62.08%,07/26/17
KO,45.74,Put,44.5,07/28/17,2,0.00,0.01,0.01,0.01,1555,531,2.93,26.06%,07/26/17
BX,34.49,Call,27,01/19/18,177,7.30,7.48,7.65,7.65,550,188,2.93,0.00%,07/26/17
DAL,51.13,Call,51,07/28/17,2,0.42,0.46,0.49,0.45,578,198,2.92,36.17%,07/26/17
BIIB,295.61,Call,300,08/04/17,9,2.70,2.95,3.20,3.03,559,192,2.91,27.31%,07/26/17
AMD,14.76,Call,16.5,08/04/17,9,0.07,0.08,0.08,0.07,4463,1533,2.91,61.22%,07/26/17
CMG,340.6,Put,332.5,07/28/17,2,1.10,1.35,1.60,1.21,532,183,2.91,60.09%,07/26/17
EPD,27.6,Call,20,01/18/19,541,6.80,7.6,8.40,7.9,3080,1057,2.91,0.00%,07/26/17
SINA,94.22,Call,100,08/18/17,23,2.11,2.25,2.38,2.16,1903,653,2.91,47.81%,07/26/17
EPD,27.6,Call,23,01/19/18,177,4.50,4.65,4.80,4.5,730,253,2.89,0.00%,07/26/17
GSAT,2.03,Call,3,01/19/18,177,0.15,0.18,0.20,0.17,5983,2077,2.88,76.43%,07/26/17
TWTR,19.61,Put,17.5,07/28/17,2,0.20,0.22,0.23,0.2,4670,1624,2.88,233.80%,07/26/17
TWTR,19.61,Put,19.5,07/28/17,2,0.89,0.94,0.98,0.94,5093,1771,2.88,242.44%,07/26/17
T,38.03,Call,38.5,08/18/17,23,0.33,0.35,0.36,0.35,5398,1878,2.87,14.37%,07/26/17
TWLO,31.5,Call,32.5,07/28/17,2,0.06,0.08,0.09,0.06,788,275,2.87,57.58%,07/26/17
GILD,74.19,Put,67.5,10/20/17,86,0.86,0.97,1.08,1,1511,532,2.84,24.53%,07/26/17
PG,89.3,Put,87.5,07/28/17,2,0.28,0.32,0.35,0.3,718,253,2.84,51.93%,07/26/17
LRCX,168.34,Put,155,08/18/17,23,1.25,1.43,1.60,1.5,1227,432,2.84,36.96%,07/26/17
WMT,78.9,Put,78.5,07/28/17,2,0.23,0.25,0.26,0.25,525,186,2.82,25.29%,07/26/17
EPD,27.6,Call,20,01/19/18,177,7.50,7.65,7.80,7.6,770,273,2.82,0.00%,07/26/17
AMD,14.76,Put,15,08/04/17,9,0.61,0.63,0.64,0.62,2798,996,2.81,56.68%,07/26/17
CMG,340.6,Put,330,07/28/17,2,0.75,0.85,0.95,0.88,2609,931,2.8,59.66%,07/26/17
VRX,17.77,Put,16,10/20/17,86,1.05,1.06,1.07,1.04,10265,3690,2.78,56.41%,07/26/17
QSR,61.49,Put,50,01/19/18,177,0.60,0.63,0.65,0.65,606,218,2.78,26.48%,07/26/17
AMZN,1052.8,Call,1150,07/28/17,2,0.66,0.78,0.89,0.88,1372,494,2.78,93.80%,07/26/17
NVDA,167.26,Call,170,07/28/17,2,0.63,0.67,0.70,0.66,17821,6440,2.77,48.07%,07/26/17
WSM,45.08,Call,47.5,09/15/17,51,1.10,1.18,1.25,1.16,571,207,2.76,31.48%,07/26/17
TTM,35.55,Call,37,08/18/17,23,0.50,0.58,0.65,0.6,872,316,2.76,32.39%,07/26/17
C,67.98,Put,68,07/28/17,2,0.37,0.39,0.40,0.42,2685,973,2.76,26.48%,07/26/17
TGT,54.96,Call,59,08/25/17,30,0.28,0.36,0.43,0.31,1304,475,2.75,25.44%,07/26/17
EXAS,39.65,Call,45,08/18/17,23,0.25,0.38,0.50,0.4,3140,1141,2.75,48.52%,07/26/17
NFLX,189.08,Call,195,08/04/17,9,1.18,1.24,1.30,1.2,1918,699,2.74,29.98%,07/26/17
JD,45.87,Call,45,08/04/17,9,1.38,1.44,1.50,1.43,797,291,2.74,34.83%,07/26/17
C,67.98,Put,68.5,07/28/17,2,0.67,0.69,0.70,0.74,624,228,2.74,25.95%,07/26/17
NOK,6.17,Call,6.5,07/28/17,2,0.08,0.09,0.10,0.1,5668,2073,2.73,163.39%,07/26/17
FB,165.61,Call,187.5,07/28/17,2,0.03,0.06,0.09,0.08,1527,559,2.73,111.03%,07/26/17
FB,165.61,Call,177.5,08/04/17,9,0.62,0.7,0.77,0.69,2144,786,2.73,41.63%,07/26/17
CERN,64.62,Call,70,08/18/17,23,0.35,0.4,0.45,0.4,812,298,2.72,31.18%,07/26/17
KR,23.72,Put,24,09/15/17,51,1.30,1.38,1.45,1.38,16835,6180,2.72,35.51%,07/26/17
DHR,82.01,Put,90,12/15/17,142,8.10,8.4,8.70,8.28,655,242,2.71,15.45%,07/26/17
PEP,117.19,Put,115,10/20/17,86,2.23,2.29,2.35,2.27,3510,1302,2.7,15.18%,07/26/17
EPD,27.6,Call,15,01/19/18,177,12.40,12.55,12.70,12.6,1140,423,2.7,0.00%,07/26/17
NE,4.05,Call,7,01/18/19,541,0.46,0.51,0.55,0.55,4032,1501,2.69,59.95%,07/26/17
IRBT,106.49,Call,95,08/18/17,23,11.70,12.55,13.40,12.35,765,284,2.69,47.38%,07/26/17
BABA,155.79,Call,162.5,08/04/17,9,0.36,0.43,0.50,0.42,1017,382,2.66,26.02%,07/26/17
WYNN,132,Put,131,07/28/17,2,0.67,0.81,0.95,0.85,627,236,2.66,45.46%,07/26/17
AMD,14.76,Call,16,08/04/17,9,0.12,0.13,0.14,0.13,6806,2566,2.65,59.06%,07/26/17
AKS,6.24,Put,6.5,08/18/17,23,0.52,0.53,0.54,0.5,537,203,2.65,62.41%,07/26/17
DDS,73.51,Put,72.5,08/18/17,23,3.70,4.05,4.40,4.25,506,192,2.64,63.85%,07/26/17
X,26.2,Call,26.5,07/28/17,2,0.27,0.31,0.34,0.28,5296,2014,2.63,79.69%,07/26/17
AAPL,153.46,Put,142,08/11/17,16,0.43,0.45,0.47,0.45,639,244,2.62,30.51%,07/26/17
FB,165.61,Call,190,08/04/17,9,0.07,0.15,0.23,0.18,629,241,2.61,49.24%,07/26/17
KMB,122.24,Call,125,08/18/17,23,0.80,0.95,1.10,0.85,3169,1220,2.6,16.62%,07/26/17
BX,34.49,Call,33.5,07/28/17,2,0.96,1.01,1.06,1.15,855,329,2.6,36.97%,07/26/17
UN,58.3,Call,60,09/15/17,51,0.55,0.63,0.70,0.65,1108,426,2.6,14.57%,07/26/17
DVAX,10.4,Put,10,08/18/17,23,2.30,2.4,2.50,2.3,3483,1343,2.59,264.79%,07/26/17
FB,165.61,Put,165,08/11/17,16,3.85,4.05,4.25,4,556,215,2.59,32.80%,07/26/17
JD,45.87,Call,49,09/15/17,51,1.19,1.27,1.35,1.28,586,226,2.59,35.87%,07/26/17
EROS,13.75,Put,17.5,12/15/17,142,4.70,4.85,5.00,4.88,662,256,2.59,68.37%,07/26/17
AMD,14.76,Call,20,08/11/17,16,0.01,0.03,0.04,0.01,610,236,2.58,76.32%,07/26/17
AMD,14.76,Put,14,08/11/17,16,0.32,0.34,0.35,0.37,1768,686,2.58,55.71%,07/26/17
TXN,82.53,Call,85,09/15/17,51,0.98,1.03,1.08,1.01,976,380,2.57,16.07%,07/26/17
X,26.2,Put,26,08/18/17,23,1.15,1.18,1.20,1.22,3483,1353,2.57,50.15%,07/26/17
INTC,34.75,Call,35,08/11/17,16,0.52,0.54,0.56,0.54,2064,802,2.57,23.07%,07/26/17
TSLA,343.85,Put,337.5,07/28/17,2,1.31,1.41,1.50,1.5,2281,890,2.56,52.86%,07/26/17
UAL,70.24,Call,71,07/28/17,2,0.29,0.31,0.32,0.3,1230,480,2.56,41.41%,07/26/17
TSLA,343.85,Put,345,07/28/17,2,4.15,4.33,4.50,4.25,2267,889,2.55,51.83%,07/26/17
FB,165.61,Put,155,08/11/17,16,0.10,0.64,1.17,0.97,1666,655,2.54,29.45%,07/26/17
BIIB,295.61,Put,280,09/15/17,51,4.30,4.55,4.80,4.3,608,240,2.53,25.24%,07/26/17
CELG,137.75,Call,145,07/28/17,2,0.20,0.24,0.28,0.26,1033,409,2.53,74.24%,07/26/17
X,26.2,Put,25,07/28/17,2,0.09,0.1,0.10,0.1,5176,2046,2.53,88.06%,07/26/17
FB,165.61,Call,167.5,08/18/17,23,3.80,3.9,4.00,3.95,2594,1027,2.53,29.05%,07/26/17
BX,34.49,Call,29,01/19/18,177,5.40,5.5,5.60,5.65,550,217,2.53,0.00%,07/26/17
AUY,2.62,Put,2.5,07/28/17,2,0.02,0.03,0.03,0.02,726,287,2.53,129.23%,07/26/17
FLS,46.64,Put,40,08/18/17,23,0.05,0.13,0.20,0.08,510,202,2.52,41.51%,07/26/17
CMG,340.6,Call,347.5,07/28/17,2,1.30,1.5,1.70,1.21,1232,491,2.51,56.31%,07/26/17
TGT,54.96,Call,57,08/11/17,16,0.23,0.29,0.35,0.25,2908,1159,2.51,21.81%,07/26/17
ACHC,49.26,Call,50,08/18/17,23,1.70,1.88,2.05,1.7,1066,424,2.51,45.52%,07/26/17
MA,130.99,Put,126,07/28/17,2,0.35,0.42,0.48,0.4,941,377,2.5,74.20%,07/26/17
BBBY,29.24,Call,29,07/28/17,2,0.31,0.43,0.55,0.45,2375,949,2.5,48.35%,07/26/17
TSLA,343.85,Put,335,07/28/17,2,0.80,0.88,0.96,0.89,4186,1681,2.49,53.08%,07/26/17
TWTR,19.61,Put,18.5,07/28/17,2,0.54,0.53,0.52,0.51,5973,2398,2.49,248.43%,07/26/17
DHR,82.01,Put,75,12/15/17,142,0.95,1.03,1.10,1.06,655,263,2.49,18.29%,07/26/17
BX,34.49,Call,33,07/28/17,2,1.46,1.5,1.54,1.48,1595,644,2.48,44.72%,07/26/17
VALE,9.39,Put,9.5,07/28/17,2,0.22,0.25,0.27,0.26,15379,6216,2.47,93.81%,07/26/17
AMD,14.76,Call,15.5,07/28/17,2,0.06,0.07,0.07,0.07,47574,19373,2.46,95.16%,07/26/17
BWLD,122.65,Put,105,08/18/17,23,0.75,0.9,1.05,1,1857,755,2.46,54.30%,07/26/17
WYNN,132,Put,127,07/28/17,2,0.10,0.13,0.15,0.14,813,330,2.46,52.13%,07/26/17
RPM,52.63,Call,55,11/17/17,114,1.60,1.68,1.75,1.65,3122,1267,2.46,22.02%,07/26/17
RTN,168.88,Call,175,11/17/17,114,3.00,3.25,3.50,3.05,647,264,2.45,14.66%,07/26/17
DYN,8.61,Call,9,08/18/17,23,0.45,0.55,0.65,0.55,2008,818,2.45,84.37%,07/26/17
BIIB,295.61,Call,295,08/04/17,9,4.60,4.9,5.20,5.3,700,287,2.44,26.10%,07/26/17
FCX,15.06,Call,15,08/04/17,9,0.40,0.43,0.45,0.42,3142,1290,2.44,44.21%,07/26/17
TXN,82.53,Call,81,07/28/17,2,1.41,1.53,1.64,1.35,2467,1009,2.44,0.00%,07/26/17
BA,233.45,Call,230,06/15/18,324,16.90,17.15,17.40,16.2,550,226,2.43,16.35%,07/26/17
PYPL,58.79,Call,58.5,07/28/17,2,1.77,1.84,1.90,1.79,534,220,2.43,137.64%,07/26/17
AMZN,1052.8,Call,1047.5,07/28/17,2,23.05,23.43,23.80,22.82,576,237,2.43,94.18%,07/26/17
SAVE,48.85,Put,50,09/15/17,51,2.80,2.9,3.00,3.3,505,208,2.43,31.88%,07/26/17
PYPL,58.79,Call,59,07/28/17,2,1.52,1.58,1.64,1.53,1231,508,2.42,136.80%,07/26/17
DOW,66.42,Call,30,01/19/18,177,35.85,36.38,36.90,36.4,1965,811,2.42,0.00%,07/26/17
FB,165.61,Put,157.5,08/11/17,16,1.42,1.66,1.90,1.43,1263,521,2.42,35.61%,07/26/17
HAL,43.32,Put,43,08/18/17,23,0.92,0.97,1.01,0.94,705,292,2.41,26.76%,07/26/17
NEM,36.96,Call,36.5,07/28/17,2,0.58,0.62,0.65,0.62,575,239,2.41,43.71%,07/26/17
CFMS,5.45,Call,5,01/19/18,177,1.10,1.3,1.50,1.5,540,225,2.4,73.18%,07/26/17
TWX,101.65,Put,70,01/19/18,177,0.16,0.25,0.33,0.21,16001,6669,2.4,30.13%,07/26/17
TER,36.8,Call,37,08/18/17,23,1.25,1.3,1.35,1.3,1306,547,2.39,38.38%,07/26/17
COH,47.89,Put,28,01/18/19,541,0.50,0.65,0.80,0.75,611,258,2.37,34.39%,07/26/17
BX,34.49,Call,34,07/28/17,2,0.46,0.51,0.55,0.48,1306,550,2.37,19.97%,07/26/17
AKAM,45.49,Put,48,07/28/17,2,2.47,2.61,2.75,2.57,2217,935,2.37,82.03%,07/26/17
CLF,7.73,Call,8,08/04/17,9,0.30,0.32,0.34,0.34,3186,1354,2.35,95.07%,07/26/17
CMG,340.6,Call,350,08/18/17,23,6.60,6.95,7.30,6.8,802,341,2.35,32.33%,07/26/17
CMG,340.6,Call,355,07/28/17,2,0.25,0.53,0.80,0.5,2438,1043,2.34,61.48%,07/26/17
CMG,340.6,Put,337.5,07/28/17,2,2.55,2.68,2.80,2.54,703,300,2.34,57.08%,07/26/17
OAS,7.86,Call,11,11/17/17,114,0.20,0.28,0.35,0.28,1000,428,2.34,61.39%,07/26/17
X,26.2,Call,28.5,07/28/17,2,0.01,0.02,0.03,0.02,1067,456,2.34,90.80%,07/26/17
AMZN,1052.8,Call,1065,07/28/17,2,14.50,15,15.50,14.7,562,240,2.34,92.78%,07/26/17
CF,28.88,Call,30,07/28/17,2,0.07,0.08,0.09,0.07,1020,438,2.33,68.99%,07/26/17
NVDA,167.26,Put,167.5,07/28/17,2,1.73,1.82,1.90,1.85,6027,2584,2.33,48.50%,07/26/17
AAPL,153.46,Put,152.5,08/18/17,23,3.40,3.45,3.50,3.45,746,320,2.33,26.43%,07/26/17
AIG,65.19,Call,67,08/11/17,16,0.52,0.58,0.64,0.56,864,372,2.32,23.91%,07/26/17
AMD,14.76,Call,16,08/25/17,30,0.43,0.45,0.47,0.43,1166,504,2.31,54.36%,07/26/17
CELG,137.75,Call,137,07/28/17,2,2.52,2.62,2.71,2.93,1139,500,2.28,77.31%,07/26/17
BX,34.49,Call,34,08/04/17,9,0.43,0.5,0.57,0.49,1881,827,2.27,4.81%,07/26/17
AMD,14.76,Call,15,08/04/17,9,0.38,0.39,0.39,0.38,7988,3542,2.26,56.26%,07/26/17
NRG,24.67,Put,23,09/15/17,51,0.80,0.9,1.00,0.9,901,399,2.26,45.88%,07/26/17
C,67.98,Put,67.5,07/28/17,2,0.18,0.19,0.20,0.22,1394,617,2.26,27.13%,07/26/17
AMD,14.76,Put,14.5,08/04/17,9,0.36,0.37,0.38,0.37,4027,1786,2.25,56.79%,07/26/17
FNV,73.12,Put,70,08/18/17,23,0.75,0.85,0.95,0.9,716,318,2.25,29.37%,07/26/17
LKQ,32.84,Call,32.5,08/18/17,23,1.10,1.15,1.20,1.15,1031,458,2.25,29.97%,07/26/17
MSI,91.84,Put,87.5,08/18/17,23,0.81,0.85,0.89,0.95,711,318,2.24,27.86%,07/26/17
AMBA,50.61,Call,54,08/18/17,23,0.60,0.65,0.70,0.6,563,252,2.23,36.48%,07/26/17
CMG,340.6,Call,350,07/28/17,2,0.85,1,1.15,1.05,2693,1206,2.23,56.73%,07/26/17
NEM,36.96,Call,37,01/18/19,541,5.35,5.68,6.00,5.5,1343,601,2.23,30.47%,07/26/17
TSLA,343.85,Put,340,07/28/17,2,1.97,2.11,2.24,2.05,4873,2191,2.22,52.12%,07/26/17
GILD,74.19,Call,78,07/28/17,2,0.30,0.36,0.42,0.39,1355,611,2.22,99.97%,07/26/17
AMD,14.76,Call,16,09/01/17,37,0.53,0.56,0.58,0.53,887,399,2.22,54.91%,07/26/17
GS,222.25,Put,222.5,07/28/17,2,1.19,1.22,1.25,1.23,1895,859,2.21,23.56%,07/26/17
TSLA,343.85,Call,340,07/28/17,2,5.65,5.83,6.00,5.9,7319,3315,2.21,49.97%,07/26/17
AMD,14.76,Call,15.5,08/25/17,30,0.58,0.6,0.62,0.6,1194,541,2.21,54.04%,07/26/17
BMY,55.98,Call,57,07/28/17,2,0.41,0.54,0.67,0.62,4567,2069,2.21,81.81%,07/26/17
CAT,113.52,Call,120,10/20/17,86,1.90,2.01,2.12,2.02,3696,1683,2.2,19.74%,07/26/17
FCX,15.06,Call,15.5,08/04/17,9,0.20,0.21,0.22,0.23,1444,655,2.2,43.22%,07/26/17
AMD,14.76,Put,15.5,08/04/17,9,0.95,0.97,0.98,0.91,3267,1485,2.2,57.70%,07/26/17
TWTR,19.61,Call,21.5,07/28/17,2,0.31,0.34,0.36,0.33,5809,2652,2.19,235.87%,07/26/17
GILD,74.19,Put,72.5,07/28/17,2,0.90,0.98,1.05,1,1173,537,2.18,110.23%,07/26/17
MGM,33.87,Put,32.5,07/28/17,2,0.27,0.31,0.35,0.33,1066,489,2.18,118.29%,07/26/17
TSLA,343.85,Call,420,08/04/17,9,0.09,0.17,0.24,0.24,604,278,2.17,61.17%,07/26/17
AMD,14.76,Call,15,08/25/17,30,0.76,0.79,0.82,0.79,1655,762,2.17,53.80%,07/26/17
MCD,156.51,Call,157.5,08/18/17,23,1.58,1.68,1.78,1.61,1749,805,2.17,13.62%,07/26/17
TSLA,343.85,Put,332.5,07/28/17,2,0.50,0.57,0.64,0.57,3012,1395,2.16,54.60%,07/26/17
TWTR,19.61,Put,18.5,08/04/17,9,0.55,0.59,0.62,0.6,630,293,2.15,93.36%,07/26/17
BWLD,122.65,Put,120,08/18/17,23,4.50,4.6,4.70,4.6,1569,732,2.14,49.39%,07/26/17
WLL,5.22,Call,6,08/04/17,9,0.06,0.07,0.07,0.07,2646,1239,2.14,94.04%,07/26/17
CMG,340.6,Call,345,08/18/17,23,8.60,8.95,9.30,8.9,664,311,2.14,32.51%,07/26/17
CRM,91.07,Call,91,07/28/17,2,0.47,0.53,0.58,0.28,1084,507,2.14,25.66%,07/26/17
LRCX,168.34,Call,170,08/18/17,23,4.90,5,5.10,5.09,1532,716,2.14,34.67%,07/26/17
LULU,61.47,Put,62.5,09/15/17,51,4.15,4.33,4.50,4.35,1160,543,2.14,42.02%,07/26/17
NVDA,167.26,Put,170,08/04/17,9,5.00,5.08,5.15,5.1,943,442,2.13,35.79%,07/26/17
CVX,105.12,Put,100,07/28/17,2,0.12,0.15,0.17,0.13,8080,3808,2.12,69.51%,07/26/17
DOW,66.42,Call,65.5,07/28/17,2,0.88,0.98,1.07,0.93,539,256,2.11,23.67%,07/26/17
PYPL,58.79,Put,55,07/28/17,2,0.34,0.37,0.40,0.39,1136,539,2.11,134.71%,07/26/17
FB,165.61,Call,185,12/15/17,142,3.55,3.93,4.30,3.7,3817,1810,2.11,24.87%,07/26/17
X,26.2,Call,28,08/04/17,9,0.22,0.23,0.24,0.22,579,276,2.1,52.44%,07/26/17
TWTR,19.61,Call,19.5,07/28/17,2,1.01,1.04,1.06,1.05,3216,1529,2.1,239.84%,07/26/17
MU,29.81,Put,29,09/15/17,51,1.30,1.32,1.33,1.33,589,282,2.09,39.40%,07/26/17
X,26.2,Put,24.5,07/28/17,2,0.04,0.05,0.06,0.04,4163,1993,2.09,94.27%,07/26/17
JPM,91.93,Call,105,06/15/18,324,1.78,1.88,1.98,1.99,1016,487,2.09,16.65%,07/26/17
AMGN,175.89,Put,180,10/20/17,86,8.25,8.43,8.60,8.3,1212,581,2.09,18.82%,07/26/17
BA,233.45,Call,225,07/28/17,2,8.45,8.83,9.20,7.98,943,452,2.09,57.56%,07/26/17
FB,165.61,Put,149,08/04/17,9,0.20,0.26,0.31,0.27,948,458,2.07,45.23%,07/26/17
GE,25.59,Call,26,01/19/18,177,0.91,0.94,0.97,0.91,6406,3097,2.07,15.03%,07/26/17
ASGN,51.71,Put,50,08/18/17,23,1.15,1.33,1.50,1.4,630,304,2.07,41.82%,07/26/17
BABA,155.79,Call,155,07/28/17,2,1.43,1.52,1.60,1.51,14903,7243,2.06,33.01%,07/26/17
TSLA,343.85,Call,337.5,07/28/17,2,7.40,7.63,7.85,7.7,1900,923,2.06,50.36%,07/26/17
CMG,340.6,Call,345,07/28/17,2,2.00,2.3,2.60,2.25,1014,492,2.06,57.68%,07/26/17
WDC,92.96,Call,100,08/04/17,9,0.84,0.87,0.89,0.79,662,322,2.06,56.75%,07/26/17
SNAP,13.4,Call,14,08/18/17,23,0.86,0.89,0.92,0.87,8823,4300,2.05,86.77%,07/26/17
FCX,15.06,Call,15.5,07/28/17,2,0.08,0.09,0.09,0.08,4555,2232,2.04,76.62%,07/26/17
MRK,61.8,Call,64.5,08/18/17,23,0.30,0.32,0.34,0.38,1943,958,2.03,19.62%,07/26/17
CLF,7.73,Call,9,07/28/17,2,0.04,0.05,0.06,0.05,2579,1271,2.03,230.83%,07/26/17
TSLA,343.85,Call,345,07/28/17,2,2.94,3.02,3.10,3.09,6998,3459,2.02,49.51%,07/26/17
MLCO,21.32,Put,20,10/20/17,86,0.85,0.9,0.95,0.95,1004,500,2.01,37.47%,07/26/17
CELG,137.75,Call,140,07/28/17,2,1.22,1.23,1.24,1.31,2554,1279,2,74.86%,07/26/17
TSLA,343.85,Put,347.5,07/28/17,2,5.55,5.73,5.90,5.85,643,322,2,50.12%,07/26/17
FB,165.61,Call,185,07/28/17,2,0.12,0.13,0.13,0.12,4175,2097,1.99,113.29%,07/26/17
CMCSA,39.35,Put,39,07/28/17,2,0.35,0.38,0.41,0.41,1933,974,1.98,65.70%,07/26/17
CF,28.88,Call,29.5,07/28/17,2,0.15,0.17,0.18,0.15,2593,1317,1.97,65.76%,07/26/17
PYPL,58.79,Call,60,07/28/17,2,1.15,1.16,1.16,1.13,2828,1435,1.97,136.37%,07/26/17
EROS,13.75,Call,15,08/18/17,23,0.45,0.58,0.70,0.55,564,287,1.97,77.19%,07/26/17
WLL,5.22,Put,5.5,07/28/17,2,0.30,0.35,0.39,0.36,1421,726,1.96,151.62%,07/26/17
NRG,24.67,Call,27,01/19/18,177,1.55,1.68,1.80,1.72,5042,2569,1.96,36.90%,07/26/17
NVDA,167.26,Call,167.5,07/28/17,2,1.46,1.51,1.55,1.47,9896,5060,1.96,46.35%,07/26/17
DOW,66.42,Call,45,01/19/18,177,21.20,21.43,21.65,20.8,801,409,1.96,0.00%,07/26/17
PYPL,58.79,Put,58.5,07/28/17,2,1.47,1.54,1.61,1.62,973,497,1.96,137.37%,07/26/17
PM,117.65,Call,120,08/18/17,23,0.61,0.72,0.82,0.71,4848,2480,1.95,13.76%,07/26/17
LUV,59.52,Put,42,01/18/19,541,2.05,2.13,2.20,2.05,660,338,1.95,34.15%,07/26/17
SNAP,13.4,Call,13,07/28/17,2,0.42,0.51,0.60,0.56,623,319,1.95,95.32%,07/26/17
AMZN,1052.8,Call,1032.5,07/28/17,2,31.40,32.03,32.65,31.03,556,286,1.94,93.05%,07/26/17
FB,165.61,Put,165,09/15/17,51,5.00,5.5,6.00,5.6,2188,1125,1.94,24.28%,07/26/17
DFS,63.13,Put,63.5,07/28/17,2,1.10,1.3,1.50,1.25,847,438,1.93,83.68%,07/26/17
ON,15.64,Call,17,08/18/17,23,0.10,0.13,0.15,0.13,2243,1164,1.93,34.98%,07/26/17
GILD,74.19,Put,73,07/28/17,2,1.09,1.17,1.25,1.14,1203,626,1.92,110.64%,07/26/17
ABX,16.24,Put,16,07/28/17,2,0.25,0.27,0.28,0.26,3095,1610,1.92,110.82%,07/26/17
DVN,32.99,Call,40,10/20/17,86,0.29,0.35,0.40,0.41,1212,631,1.92,33.51%,07/26/17
BIIB,295.61,Call,300,08/18/17,23,4.60,5.05,5.50,5.4,1105,580,1.91,23.82%,07/26/17
BAC,24.21,Put,23.5,09/01/17,37,0.35,0.36,0.37,0.35,4357,2286,1.91,22.23%,07/26/17
SPGI,154.58,Call,155,08/18/17,23,3.10,3.25,3.40,3.27,1080,565,1.91,22.48%,07/26/17
C,67.98,Call,69.5,07/28/17,2,0.02,0.03,0.04,0.07,786,414,1.9,28.20%,07/26/17
AVGO,257.01,Call,257.5,07/28/17,2,1.40,1.45,1.50,1.65,761,401,1.9,31.28%,07/26/17
NVDA,167.26,Put,170,07/28/17,2,3.35,3.45,3.55,3.58,2453,1303,1.88,49.81%,07/26/17
NVDA,167.26,Call,175,08/04/17,9,0.97,1.01,1.05,0.98,2128,1134,1.88,35.96%,07/26/17
DIS,106.94,Call,108,08/04/17,9,0.57,0.63,0.68,0.64,2192,1165,1.88,16.75%,07/26/17
FB,165.61,Call,177.5,08/18/17,23,0.98,1.19,1.40,1.13,1386,737,1.88,29.97%,07/26/17
XOM,80.37,Put,79.5,07/28/17,2,0.31,0.33,0.34,0.26,2461,1316,1.87,40.33%,07/26/17
BIDU,201.17,Call,207.5,07/28/17,2,2.40,2.47,2.53,2.42,547,293,1.87,117.31%,07/26/17
BABA,155.79,Call,155,08/11/17,16,4.95,5.08,5.20,5.03,9112,4891,1.86,36.88%,07/26/17
GILD,74.19,Put,69,07/28/17,2,0.25,0.28,0.30,0.28,820,441,1.86,119.85%,07/26/17
KGC,4.27,Call,4.5,08/04/17,9,0.04,0.06,0.07,0.07,1295,697,1.86,54.42%,07/26/17
AAPL,153.46,Put,155,07/28/17,2,1.63,1.67,1.71,1.85,4822,2587,1.86,19.36%,07/26/17
AMZN,1052.8,Put,1010,07/28/17,2,4.80,4.9,5.00,4.91,1465,788,1.86,89.01%,07/26/17
AMD,14.76,Call,16,07/28/17,2,0.02,0.03,0.04,0.03,32254,17440,1.85,107.96%,07/26/17
CMG,340.6,Call,352.5,07/28/17,2,0.70,0.75,0.80,0.75,908,491,1.85,59.81%,07/26/17
BKS,8,Call,9,10/20/17,86,0.35,0.43,0.50,0.44,738,400,1.85,50.54%,07/26/17
GOOG,947.8,Call,945,07/28/17,2,4.10,4.85,5.60,4.9,561,306,1.83,16.40%,07/26/17
JPM,91.93,Put,93.5,08/18/17,23,2.13,2.15,2.16,2.22,621,339,1.83,13.76%,07/26/17
DAL,51.13,Call,57.5,08/18/17,23,0.04,0.06,0.08,0.06,4002,2195,1.82,27.31%,07/26/17
TWTR,19.61,Call,20.5,08/18/17,23,0.75,0.82,0.89,0.8,612,337,1.82,61.59%,07/26/17
PYPL,58.79,Put,52,07/28/17,2,0.05,0.09,0.12,0.09,844,464,1.82,142.19%,07/26/17
SNAP,13.4,Put,12.5,08/18/17,23,0.98,1.04,1.09,1.02,623,342,1.82,114.30%,07/26/17
MDCO,38.33,Put,37,08/18/17,23,0.90,1.43,1.95,1.75,782,432,1.81,55.11%,07/26/17
TSLA,343.85,Call,352.5,07/28/17,2,0.81,0.86,0.90,0.89,1515,844,1.8,50.39%,07/26/17
MET,54.73,Put,54,07/28/17,2,0.08,0.1,0.11,0.11,510,283,1.8,30.29%,07/26/17
AAL,51.01,Call,53,08/04/17,9,0.39,0.47,0.55,0.46,2484,1387,1.79,39.42%,07/26/17
CAT,113.52,Put,60,01/19/18,177,0.15,0.2,0.24,0.16,4034,2271,1.78,45.36%,07/26/17
DIS,106.94,Call,110,08/11/17,16,0.78,0.82,0.85,0.84,706,396,1.78,22.40%,07/26/17
EROS,13.75,Call,17.5,12/15/17,142,0.90,1,1.10,0.95,892,502,1.78,62.89%,07/26/17
MA,130.99,Put,125,07/28/17,2,0.25,0.27,0.28,0.26,10612,5972,1.78,73.39%,07/26/17
VLO,67.99,Put,67,07/28/17,2,0.45,0.57,0.69,0.63,659,371,1.78,70.09%,07/26/17
MCD,156.51,Put,157.5,07/28/17,2,1.34,1.39,1.43,1.38,1687,953,1.77,24.32%,07/26/17
WFC,54.91,Call,56.5,08/18/17,23,0.15,0.16,0.17,0.17,533,302,1.76,12.25%,07/26/17
FSLR,45.44,Call,46.5,07/28/17,2,1.26,1.31,1.35,1.36,1081,615,1.76,185.99%,07/26/17
WYNN,132,Call,133,07/28/17,2,0.07,0.45,0.83,0.77,1991,1130,1.76,31.00%,07/26/17
PEP,117.19,Call,125,10/20/17,86,0.45,0.5,0.55,0.53,4570,2591,1.76,11.93%,07/26/17
AMAT,47.45,Call,47,08/04/17,9,0.97,1.03,1.08,1,511,290,1.76,27.70%,07/26/17
HLT,62.52,Call,65,08/18/17,23,0.25,0.33,0.40,0.25,627,358,1.75,18.55%,07/26/17
AMD,14.76,Call,18,08/11/17,16,0.04,0.05,0.05,0.07,580,332,1.75,60.54%,07/26/17
MCD,156.51,Call,157.5,08/04/17,9,0.87,0.9,0.92,0.9,559,320,1.75,14.20%,07/26/17
GLW,30.42,Call,30,09/15/17,51,1.08,1.12,1.15,1.05,550,315,1.75,19.36%,07/26/17
MGM,33.87,Call,34,07/28/17,2,0.68,0.73,0.77,0.72,1185,678,1.75,111.19%,07/26/17
BABA,155.79,Put,155,07/28/17,2,0.75,0.78,0.81,0.76,4538,2609,1.74,34.93%,07/26/17
NTES,312.15,Call,320,07/28/17,2,0.60,0.65,0.70,0.65,969,558,1.74,47.31%,07/26/17
TWTR,19.61,Call,26,01/19/18,177,0.54,0.57,0.60,0.6,781,450,1.74,41.27%,07/26/17
ACHN,4.2,Call,5,08/18/17,23,0.15,0.18,0.20,0.15,1066,611,1.74,104.85%,07/26/17
TSLA,343.85,Put,350,07/28/17,2,7.35,7.5,7.65,7.8,735,424,1.73,50.18%,07/26/17
WYNN,132,Put,128,07/28/17,2,0.20,0.25,0.29,0.21,1275,735,1.73,53.18%,07/26/17
AAOI,98.76,Put,40,01/19/18,177,2.40,2.68,2.95,2.75,1258,727,1.73,110.81%,07/26/17
BIDU,201.17,Call,220,07/28/17,2,0.47,0.51,0.54,0.5,806,467,1.73,122.81%,07/26/17
AMAT,47.45,Call,47,07/28/17,2,0.63,0.67,0.70,0.62,3337,1926,1.73,40.50%,07/26/17
AMAT,47.45,Put,47,08/18/17,23,1.27,1.29,1.30,1.34,1352,784,1.72,32.74%,07/26/17
TSLA,343.85,Call,342.5,07/28/17,2,4.15,4.2,4.25,4.38,2779,1618,1.72,48.53%,07/26/17
WPM,20.26,Call,18,08/18/17,23,2.28,2.35,2.42,2.31,515,300,1.72,37.10%,07/26/17
COP,43.7,Put,43,07/28/17,2,0.20,0.22,0.23,0.21,532,310,1.72,53.86%,07/26/17
INTC,34.75,Put,35,08/04/17,9,0.92,0.95,0.97,0.98,1287,749,1.72,39.75%,07/26/17
AMD,14.76,Put,15,08/11/17,16,0.77,0.8,0.82,0.78,548,320,1.71,55.88%,07/26/17
GILD,74.19,Put,73.5,07/28/17,2,1.20,1.3,1.40,1.35,836,488,1.71,105.25%,07/26/17
SNAP,13.4,Put,14,07/28/17,2,0.66,0.74,0.82,0.66,4073,2380,1.71,127.42%,07/26/17
GOOGL,965.31,Call,970,07/28/17,2,2.00,2.4,2.80,2.1,2216,1302,1.7,21.47%,07/26/17
ASGN,51.71,Call,60,08/18/17,23,0.00,0.15,0.15,0.15,510,301,1.69,34.36%,07/26/17
C,67.98,Put,67.5,08/04/17,9,0.64,0.66,0.67,0.69,713,422,1.69,22.02%,07/26/17
SPWR,11.01,Call,11,07/28/17,2,0.19,0.26,0.32,0.28,1068,632,1.69,108.72%,07/26/17
FB,165.61,Call,180,08/11/17,16,0.51,0.64,0.76,0.6,580,345,1.68,33.57%,07/26/17
SNAP,13.4,Call,14,08/11/17,16,0.72,0.79,0.85,0.79,1316,784,1.68,95.44%,07/26/17
FCX,15.06,Put,13,09/15/17,51,0.18,0.19,0.20,0.19,2873,1719,1.67,41.50%,07/26/17
BA,233.45,Call,230,09/15/17,51,7.10,7.28,7.45,7.45,806,482,1.67,15.09%,07/26/17
BABA,155.79,Put,152.5,08/04/17,9,1.05,1.16,1.27,1.1,730,439,1.66,27.20%,07/26/17
WDC,92.96,Put,89,07/28/17,2,0.96,1,1.04,1.05,823,496,1.66,131.48%,07/26/17
GS,222.25,Call,227.5,08/04/17,9,0.56,0.59,0.62,0.59,686,417,1.65,17.46%,07/26/17
VRX,17.77,Call,19,08/04/17,9,0.13,0.14,0.14,0.14,1943,1182,1.64,49.82%,07/26/17
BABA,155.79,Call,165,08/11/17,16,1.46,1.5,1.54,1.55,555,339,1.64,36.48%,07/26/17
SHAK,35.01,Call,35,08/18/17,23,1.35,1.45,1.55,1.4,1285,783,1.64,41.84%,07/26/17
X,26.2,Call,27,07/28/17,2,0.13,0.14,0.15,0.12,24765,15237,1.63,76.60%,07/26/17
FB,165.61,Call,182.5,07/28/17,2,0.15,0.18,0.20,0.16,2192,1346,1.63,108.34%,07/26/17
JD,45.87,Call,48,09/15/17,51,1.51,1.58,1.65,1.57,575,352,1.63,35.76%,07/26/17
GS,222.25,Put,225,07/28/17,2,2.95,3.03,3.10,3,995,616,1.62,25.25%,07/26/17
BABA,155.79,Call,157.5,08/04/17,9,1.50,1.59,1.67,1.59,2307,1421,1.62,25.15%,07/26/17
TSLA,343.85,Call,350,07/28/17,2,1.29,1.35,1.41,1.38,8634,5335,1.62,50.00%,07/26/17
X,26.2,Call,27.5,07/28/17,2,0.06,0.07,0.08,0.06,3726,2297,1.62,80.35%,07/26/17
OKE,55.59,Call,57.5,09/15/17,51,0.70,0.8,0.90,0.95,8107,5016,1.62,18.51%,07/26/17
X,26.2,Call,26,08/04/17,9,0.90,0.92,0.93,0.89,2234,1376,1.62,52.42%,07/26/17
DVAX,10.4,Call,10,08/18/17,23,2.45,2.63,2.80,2.65,13512,8398,1.61,245.65%,07/26/17
TWTR,19.61,Call,22,10/20/17,86,0.74,0.81,0.88,0.78,1182,734,1.61,43.44%,07/26/17
MU,29.81,Call,30,07/28/17,2,0.38,0.39,0.40,0.41,8413,5261,1.6,76.65%,07/26/17
AMD,14.76,Call,17,09/15/17,51,0.46,0.48,0.49,0.47,7006,4374,1.6,55.30%,07/26/17
EPD,27.6,Call,25,01/19/18,177,2.50,2.63,2.75,2.65,2668,1668,1.6,0.00%,07/26/17
FB,165.61,Call,195,11/17/17,114,1.60,1.81,2.02,1.6,577,361,1.6,26.24%,07/26/17
TSLA,343.85,Call,347.5,07/28/17,2,1.98,2.05,2.11,2.1,2621,1650,1.59,49.51%,07/26/17
GOOGL,965.31,Call,975,07/28/17,2,1.00,1.13,1.25,1.12,1065,669,1.59,21.48%,07/26/17
MSFT,74.05,Put,74.5,07/28/17,2,0.58,0.6,0.61,0.64,735,461,1.59,20.82%,07/26/17
GM,35.62,Put,36,08/11/17,16,0.75,0.78,0.81,0.74,2280,1434,1.59,20.03%,07/26/17
FCX,15.06,Call,16,08/18/17,23,0.22,0.23,0.24,0.23,7696,4874,1.58,38.17%,07/26/17
GOOGL,965.31,Call,960,07/28/17,2,6.50,7.4,8.30,7.1,647,409,1.58,20.90%,07/26/17
AMGN,175.89,Call,180,07/28/17,2,0.05,0.06,0.07,0.05,1878,1186,1.58,27.58%,07/26/17
FB,165.61,Call,175,08/04/17,9,0.90,0.95,1.00,1,2137,1349,1.58,39.81%,07/26/17
AKAM,45.49,Put,45,07/28/17,2,0.17,0.27,0.36,0.31,875,553,1.58,49.79%,07/26/17
MCD,156.51,Call,162.5,08/18/17,23,0.28,0.34,0.39,0.33,636,402,1.58,13.28%,07/26/17
FCEL,1.59,Call,2,08/18/17,23,0.00,0.1,0.10,0.04,758,484,1.57,107.55%,07/26/17
TXN,82.53,Call,65,08/18/17,23,16.80,17.6,18.40,17,526,336,1.57,42.25%,07/26/17
MLCO,21.32,Put,21,08/18/17,23,0.65,0.73,0.80,0.75,605,385,1.57,42.59%,07/26/17
GILD,74.19,Call,77,07/28/17,2,0.52,0.59,0.65,0.63,1063,681,1.56,102.36%,07/26/17
TXN,82.53,Put,82,07/28/17,2,0.45,0.53,0.60,0.59,602,385,1.56,44.35%,07/26/17
GOOGL,965.31,Call,965,07/28/17,2,3.90,4.2,4.50,4.13,1561,1001,1.56,19.99%,07/26/17
NVDA,167.26,Put,165,07/28/17,2,0.73,0.78,0.83,0.84,5790,3711,1.56,48.27%,07/26/17
NVDA,167.26,Call,172.5,08/04/17,9,1.50,1.58,1.65,1.55,1271,817,1.56,35.81%,07/26/17
X,26.2,Call,27,09/15/17,51,1.45,1.51,1.57,1.47,764,491,1.56,47.59%,07/26/17
PG,89.3,Put,87,08/04/17,9,0.28,0.32,0.36,0.38,611,392,1.56,21.47%,07/26/17
BIIB,295.61,Call,295,07/28/17,2,2.60,2.8,3.00,3.4,2544,1640,1.55,40.19%,07/26/17
NVDA,167.26,Call,177.5,08/04/17,9,0.60,0.65,0.70,0.65,560,362,1.55,36.59%,07/26/17
TWTR,19.61,Call,20,08/04/17,9,0.90,0.92,0.94,0.91,3214,2070,1.55,94.29%,07/26/17
S,8.55,Put,8,01/19/18,177,0.77,0.81,0.85,0.77,4004,2577,1.55,47.48%,07/26/17
MRK,61.8,Put,62,08/18/17,23,1.30,1.39,1.47,1.35,539,349,1.54,21.52%,07/26/17
WDC,92.96,Call,100,07/28/17,2,0.44,0.5,0.55,0.51,924,599,1.54,131.74%,07/26/17
TWTR,19.61,Call,23,07/28/17,2,0.12,0.13,0.14,0.13,4294,2801,1.53,240.25%,07/26/17
TWTR,19.61,Put,16,07/28/17,2,0.04,0.07,0.09,0.07,1924,1260,1.53,254.64%,07/26/17
FB,165.61,Call,200,07/28/17,2,0.00,0.03,0.03,0.03,501,328,1.53,134.96%,07/26/17
KMI,20.34,Call,10,01/19/18,177,7.90,9.83,11.75,10.4,600,392,1.53,0.00%,07/26/17
BIDU,201.17,Put,190,08/04/17,9,1.21,1.39,1.56,1.56,1316,862,1.53,44.77%,07/26/17
AMD,14.76,Call,17.5,08/04/17,9,0.00,0.03,0.03,0.04,605,399,1.52,59.87%,07/26/17
HD,146.69,Call,147,08/04/17,9,1.15,1.2,1.25,1.2,622,410,1.52,15.37%,07/26/17
AMZN,1052.8,Put,1025,07/28/17,2,8.60,8.95,9.30,8.97,1018,669,1.52,91.46%,07/26/17
VALE,9.39,Put,9,01/19/18,177,0.78,0.81,0.84,0.75,8007,5264,1.52,40.04%,07/26/17
ILMN,176.3,Call,190,08/18/17,23,2.10,2.43,2.75,2.65,682,453,1.51,40.68%,07/26/17
TWTR,19.61,Call,21,10/20/17,86,1.01,1.09,1.16,1.04,685,454,1.51,42.84%,07/26/17
FCX,15.06,Call,13.5,08/18/17,23,1.62,1.66,1.70,1.67,1246,833,1.5,39.85%,07/26/17
FFIV,128.2,Put,125,07/28/17,2,2.67,2.79,2.90,2.83,1732,1152,1.5,158.69%,07/26/17
CSCO,31.66,Put,31,08/11/17,16,0.12,0.14,0.16,0.14,1042,694,1.5,15.29%,07/26/17
FB,165.61,Put,160,07/28/17,2,1.14,1.15,1.15,1.14,16431,10960,1.5,94.11%,07/26/17
FB,165.61,Put,167.5,07/28/17,2,3.80,4.28,4.75,4.3,1642,1098,1.5,93.34%,07/26/17
AKS,6.24,Put,6,08/04/17,9,0.14,0.15,0.15,0.14,683,456,1.5,68.43%,07/26/17
LUV,59.52,Call,64,07/28/17,2,0.05,0.1,0.15,0.1,852,568,1.5,95.29%,07/26/17
BIIB,295.61,Call,300,07/28/17,2,0.85,1.18,1.50,1.1,1321,889,1.49,45.75%,07/26/17
HD,146.69,Call,150,08/11/17,16,0.54,0.56,0.58,0.59,772,519,1.49,14.30%,07/26/17
BABA,155.79,Put,148,08/18/17,23,2.48,2.56,2.64,2.52,635,426,1.49,38.01%,07/26/17
CMG,340.6,Put,347.5,07/28/17,2,7.80,8.4,9.00,8.42,763,513,1.49,56.50%,07/26/17
GOOG,947.8,Call,955,07/28/17,2,1.25,1.33,1.40,1.4,778,521,1.49,19.67%,07/26/17
CAB,58.07,Put,55,09/15/17,51,0.10,0.9,1.70,1.5,1009,679,1.49,25.34%,07/26/17
BIIB,295.61,Call,305,08/04/17,9,1.40,1.83,2.25,1.6,628,423,1.48,29.39%,07/26/17
FCX,15.06,Put,14.5,07/28/17,2,0.05,0.06,0.06,0.06,3135,2115,1.48,76.77%,07/26/17
WYNN,132,Put,129,07/28/17,2,0.10,0.23,0.35,0.32,601,406,1.48,42.42%,07/26/17
AAPL,153.46,Call,172.5,08/04/17,9,0.04,0.05,0.05,0.04,670,453,1.48,36.16%,07/26/17
EOG,94.75,Put,95,08/18/17,23,2.41,2.51,2.61,2.34,502,340,1.48,26.00%,07/26/17
MS,47.21,Call,46,07/28/17,2,1.20,1.22,1.24,1.53,1066,726,1.47,27.06%,07/26/17
GILD,74.19,Put,71,07/28/17,2,0.50,0.57,0.64,0.54,1188,808,1.47,113.07%,07/26/17
BIDU,201.17,Put,180,08/11/17,16,0.48,0.59,0.70,0.69,817,557,1.47,39.92%,07/26/17
MOS,23.6,Put,22,08/18/17,23,0.23,0.25,0.26,0.24,970,665,1.46,36.24%,07/26/17
TSLA,343.85,Call,355,07/28/17,2,0.50,0.54,0.57,0.58,2934,2011,1.46,51.16%,07/26/17
WMT,78.9,Put,72.5,10/20/17,86,0.62,0.67,0.71,0.65,2104,1439,1.46,19.34%,07/26/17
TWTR,19.61,Call,22,07/28/17,2,0.25,0.28,0.30,0.25,3609,2471,1.46,247.11%,07/26/17
AMZN,1052.8,Put,990,07/28/17,2,1.79,2.04,2.29,2,1720,1176,1.46,88.66%,07/26/17
BA,233.45,Call,240,01/19/18,177,7.70,8.03,8.35,8,669,460,1.45,16.00%,07/26/17
AMD,14.76,Call,17.5,07/28/17,2,0.00,0.01,0.01,0.01,4958,3416,1.45,143.97%,07/26/17
NFLX,189.08,Put,190,07/28/17,2,2.00,2.05,2.09,2.14,2009,1387,1.45,39.04%,07/26/17
XOM,80.37,Call,81,08/18/17,23,0.69,0.75,0.80,0.74,866,598,1.45,12.75%,07/26/17
VZ,44.4,Call,45,07/28/17,2,0.25,0.27,0.29,0.32,4332,3002,1.44,55.17%,07/26/17
ULTA,247.24,Call,270,08/18/17,23,0.50,0.6,0.70,0.43,1439,1004,1.43,25.52%,07/26/17
FB,165.61,Put,157.5,07/28/17,2,0.60,0.61,0.62,0.62,12210,8624,1.42,92.70%,07/26/17
FFIV,128.2,Call,135,07/28/17,2,1.25,1.51,1.76,1.56,546,386,1.41,146.44%,07/26/17
WYNN,132,Call,145,09/15/17,51,1.65,1.75,1.85,1.76,1149,814,1.41,30.07%,07/26/17
FCX,15.06,Call,15,07/28/17,2,0.24,0.26,0.27,0.23,6527,4676,1.4,71.21%,07/26/17
AMD,14.76,Call,17.5,08/18/17,23,0.11,0.12,0.13,0.17,684,490,1.4,56.62%,07/26/17
JNPR,28.06,Call,28.5,07/28/17,2,0.03,0.08,0.12,0.06,507,362,1.4,39.15%,07/26/17
MU,29.81,Call,30.5,08/04/17,9,0.50,0.52,0.53,0.5,1813,1308,1.39,45.55%,07/26/17
T,38.03,Call,38,07/28/17,2,0.20,0.22,0.24,0.22,4567,3286,1.39,25.71%,07/26/17
FFIV,128.2,Put,128,07/28/17,2,3.60,3.93,4.25,3.91,728,522,1.39,150.55%,07/26/17
AMD,14.76,Put,14,08/04/17,9,0.18,0.19,0.20,0.19,3163,2282,1.39,56.29%,07/26/17
MA,130.99,Call,131,07/28/17,2,1.89,1.92,1.95,1.9,930,667,1.39,70.31%,07/26/17
BIIB,295.61,Call,292.5,07/28/17,2,4.20,4.6,5.00,5,541,393,1.38,45.04%,07/26/17
OMC,78.83,Put,77.5,10/20/17,86,2.30,2.38,2.45,2.3,3086,2232,1.38,20.49%,07/26/17
CVS,78.29,Put,79,07/28/17,2,0.85,0.9,0.94,0.93,5597,4044,1.38,27.80%,07/26/17
HAL,43.32,Call,43.5,08/18/17,23,1.01,1.04,1.07,1.05,650,474,1.37,26.21%,07/26/17
EXPE,156.94,Call,175,01/19/18,177,3.80,3.95,4.10,3.8,507,371,1.37,22.59%,07/26/17
NVDA,167.26,Call,170,08/04/17,9,2.26,2.34,2.41,2.3,3843,2808,1.37,35.36%,07/26/17
AMZN,1052.8,Call,1037.5,07/28/17,2,28.40,28.98,29.55,28.85,508,372,1.37,93.48%,07/26/17
KITE,111.24,Put,105,08/18/17,23,2.75,3.03,3.30,3.1,560,409,1.37,53.20%,07/26/17
FCX,15.06,Call,17,11/17/17,114,0.56,0.59,0.61,0.6,1793,1315,1.36,37.21%,07/26/17
GOOGL,965.31,Put,965,07/28/17,2,3.30,4.05,4.80,4,939,688,1.36,20.93%,07/26/17
X,26.2,Call,30,09/15/17,51,0.60,0.64,0.67,0.62,1364,1005,1.36,47.61%,07/26/17
AMZN,1052.8,Call,1055,07/28/17,2,19.35,19.65,19.95,18.68,924,680,1.36,94.14%,07/26/17
FTI,27.74,Call,30,09/15/17,51,0.50,0.58,0.65,0.6,5411,4003,1.35,33.26%,07/26/17
EA,118,Call,118,07/28/17,2,3.05,3.28,3.50,3.5,968,719,1.35,132.87%,07/26/17
AMGN,175.89,Put,180,07/28/17,2,3.80,4.1,4.40,4.1,1308,966,1.35,0.00%,07/26/17
AMD,14.76,Call,15,07/28/17,2,0.15,0.16,0.17,0.15,39190,29231,1.34,84.51%,07/26/17
FB,165.61,Put,152.5,07/28/17,2,0.19,0.21,0.22,0.19,5887,4384,1.34,100.06%,07/26/17
DNKN,52.52,Call,52.5,08/18/17,23,1.30,1.45,1.60,1.38,568,428,1.33,27.67%,07/26/17
FB,165.61,Put,155,07/28/17,2,0.34,0.36,0.38,0.38,14538,10947,1.33,96.53%,07/26/17
ARNC,25.59,Call,27,09/15/17,51,0.74,0.77,0.80,0.78,515,386,1.33,34.71%,07/26/17
SBUX,57.94,Call,58.5,08/18/17,23,1.01,1.08,1.15,1.18,782,586,1.33,23.24%,07/26/17
SNI,84.07,Put,80,08/18/17,23,1.25,1.48,1.70,1.6,574,431,1.33,38.76%,07/26/17
BIIB,295.61,Call,290,07/28/17,2,5.60,6.15,6.70,6.67,1108,840,1.32,38.33%,07/26/17
AAPL,153.46,Put,152.5,07/28/17,2,0.28,0.3,0.32,0.3,15189,11481,1.32,21.15%,07/26/17
DOW,66.42,Put,63,07/28/17,2,0.03,0.08,0.13,0.12,829,629,1.32,70.23%,07/26/17
TWX,101.65,Put,90,01/19/18,177,1.42,1.8,2.17,1.56,19321,14656,1.32,22.75%,07/26/17
BA,233.45,Call,240,11/17/17,114,5.75,6,6.25,5.31,571,436,1.31,16.33%,07/26/17
AMD,14.76,Call,16.5,07/28/17,2,0.00,0.02,0.02,0.01,18527,14129,1.31,111.80%,07/26/17
BABA,155.79,Put,152.5,07/28/17,2,0.19,0.21,0.23,0.2,2595,1979,1.31,37.38%,07/26/17
FB,165.61,Call,180,07/28/17,2,0.23,0.25,0.27,0.26,6813,5206,1.31,103.37%,07/26/17
AAOI,98.76,Call,105,09/15/17,51,9.80,10.4,11.00,10.49,610,464,1.31,88.36%,07/26/17
AKS,6.24,Call,6,07/28/17,2,0.29,0.31,0.33,0.34,3131,2391,1.31,127.15%,07/26/17
CAG,33.83,Put,30,12/15/17,142,0.55,0.58,0.60,0.6,2029,1553,1.31,24.70%,07/26/17
CAT,113.52,Call,115,08/04/17,9,0.67,0.71,0.75,0.67,530,406,1.31,19.42%,07/26/17
GS,222.25,Call,225,07/28/17,2,0.24,0.3,0.35,0.25,2974,2280,1.3,25.68%,07/26/17
SWN,5.91,Call,6.5,08/18/17,23,0.11,0.14,0.16,0.13,558,429,1.3,58.24%,07/26/17
GILD,74.19,Put,69.5,07/28/17,2,0.26,0.32,0.37,0.3,506,388,1.3,116.17%,07/26/17
TMO,175.06,Put,170,08/18/17,23,0.85,1,1.15,1,580,446,1.3,17.03%,07/26/17
NVDA,167.26,Call,170,10/20/17,86,13.05,13.18,13.30,13.01,1136,873,1.3,44.19%,07/26/17
RACE,105.41,Put,95,08/18/17,23,0.35,0.53,0.70,0.5,543,418,1.3,36.26%,07/26/17
AMZN,1052.8,Put,1020,07/28/17,2,6.55,7.15,7.75,7.47,1272,978,1.3,89.10%,07/26/17
MGM,33.87,Call,35,07/28/17,2,0.31,0.35,0.38,0.33,740,569,1.3,108.98%,07/26/17
CMG,340.6,Put,325,07/28/17,2,0.40,0.45,0.50,0.46,729,564,1.29,65.57%,07/26/17
TWTR,19.61,Call,22.5,07/28/17,2,0.19,0.21,0.22,0.19,14494,11258,1.29,248.97%,07/26/17
DB,19.06,Put,18,08/18/17,23,0.20,0.23,0.26,0.21,2226,1732,1.29,34.48%,07/26/17
BIDU,201.17,Put,182.5,08/11/17,16,0.67,0.94,1.21,0.77,1558,1204,1.29,41.06%,07/26/17
CMG,340.6,Call,340,07/28/17,2,4.00,4.45,4.90,4.47,504,393,1.28,58.23%,07/26/17
GD,194.66,Put,195,08/18/17,23,2.80,2.95,3.10,3.13,1235,966,1.28,14.90%,07/26/17
TGT,54.96,Call,56,08/18/17,23,0.94,0.95,0.96,0.95,1436,1125,1.28,25.68%,07/26/17
NFLX,189.08,Call,187.5,07/28/17,2,2.33,2.4,2.46,2.32,2739,2152,1.27,37.34%,07/26/17
AMD,14.76,Put,11.5,08/18/17,23,0.03,0.04,0.04,0.05,595,470,1.27,59.96%,07/26/17
FB,165.61,Put,162.5,07/28/17,2,1.90,1.96,2.02,1.93,9539,7504,1.27,95.91%,07/26/17
BTE,2.79,Call,5,01/19/18,177,0.05,0.1,0.15,0.1,682,537,1.27,69.64%,07/26/17
MRK,61.8,Put,62.5,06/15/18,324,4.90,5,5.10,4.77,1647,1311,1.26,21.37%,07/26/17
CMCSA,39.35,Call,41,07/28/17,2,0.04,0.07,0.09,0.06,918,731,1.26,62.28%,07/26/17
NEM,36.96,Put,36.5,07/28/17,2,0.13,0.15,0.17,0.09,526,416,1.26,43.11%,07/26/17
CY,14.76,Put,14,09/15/17,51,0.55,0.6,0.65,0.75,1084,862,1.26,44.33%,07/26/17
GILD,74.19,Put,65,06/15/18,324,2.84,3.32,3.80,3.2,516,411,1.26,27.77%,07/26/17
ESRX,63.47,Call,65.5,07/28/17,2,0.01,0.1,0.18,0.11,641,507,1.26,50.10%,07/26/17
ABX,16.24,Put,16,09/15/17,51,0.61,0.65,0.68,0.64,1930,1529,1.26,32.39%,07/26/17
DXC,80.06,Call,80,08/18/17,23,2.05,2.18,2.30,2.15,913,724,1.26,27.04%,07/26/17
C,67.98,Call,75,08/18/17,23,0.00,0.04,0.04,0.04,6007,4776,1.26,18.74%,07/26/17
VZ,44.4,Call,47,07/28/17,2,0.02,0.04,0.05,0.03,1216,970,1.25,66.86%,07/26/17
MT,25.71,Put,25,08/18/17,23,0.65,0.73,0.80,0.65,510,409,1.25,42.25%,07/26/17
CMG,340.6,Call,365,07/28/17,2,0.10,0.18,0.25,0.19,735,587,1.25,72.11%,07/26/17
WYNN,132,Call,135,07/28/17,2,0.25,0.33,0.40,0.36,842,672,1.25,47.14%,07/26/17
X,26.2,Call,27,08/04/17,9,0.47,0.48,0.48,0.48,1015,812,1.25,51.63%,07/26/17
NVDA,167.26,Put,162.5,08/04/17,9,1.54,1.6,1.66,1.64,854,681,1.25,35.82%,07/26/17
FB,165.61,Put,160,08/18/17,23,2.20,2.32,2.43,2.35,6043,4824,1.25,29.00%,07/26/17
STX,32.34,Put,33,07/28/17,2,0.75,0.8,0.85,0.8,1145,927,1.24,56.26%,07/26/17
TSLA,343.85,Put,265,09/15/17,51,2.31,2.5,2.68,2.5,988,799,1.24,53.04%,07/26/17
AMD,14.76,Call,15.5,08/18/17,23,0.47,0.49,0.50,0.48,6007,4845,1.24,53.87%,07/26/17
NFLX,189.08,Put,180,08/04/17,9,0.61,0.64,0.67,0.65,1194,966,1.24,31.53%,07/26/17
CMG,340.6,Put,345,08/04/17,9,9.40,9.65,9.90,9.48,514,415,1.24,36.01%,07/26/17
KIM,19.74,Call,20,08/18/17,23,0.50,0.58,0.65,0.58,2075,1669,1.24,35.55%,07/26/17
AAPL,153.46,Call,152.5,08/18/17,23,4.05,4.1,4.15,3.97,670,541,1.24,23.67%,07/26/17
LUV,59.52,Call,60,08/18/17,23,1.30,1.43,1.55,1.5,803,647,1.24,27.96%,07/26/17
LVS,61.65,Put,62,07/28/17,2,1.38,1.44,1.49,1.42,3466,2803,1.24,97.09%,07/26/17
BABA,155.79,Call,152.5,07/28/17,2,3.30,3.4,3.50,3.41,6370,5175,1.23,30.68%,07/26/17
ECA,10.02,Put,10,08/18/17,23,0.40,0.45,0.50,0.4,592,480,1.23,47.29%,07/26/17
TSLA,343.85,Put,330,07/28/17,2,0.36,0.4,0.44,0.42,3578,2921,1.22,57.52%,07/26/17
IBN,9.72,Put,9,09/15/17,51,0.10,0.12,0.14,0.11,3502,2879,1.22,27.48%,07/26/17
FB,165.61,Call,170,07/28/17,2,1.59,1.64,1.69,1.65,17756,14540,1.22,96.79%,07/26/17
NVDA,167.26,Put,167.5,08/04/17,9,3.55,3.63,3.70,3.65,614,502,1.22,35.66%,07/26/17
SYF,30.57,Call,32,09/15/17,51,0.40,0.48,0.55,0.61,5665,4676,1.21,22.12%,07/26/17
TWTR,19.61,Put,19.5,08/04/17,9,0.98,1.03,1.08,1.07,1281,1062,1.21,94.15%,07/26/17
STX,32.34,Call,34,07/28/17,2,0.01,0.03,0.05,0.03,664,553,1.2,62.62%,07/26/17
CELG,137.75,Call,138,07/28/17,2,1.95,2.09,2.23,2.09,671,560,1.2,76.79%,07/26/17
HAL,43.32,Put,43,08/04/17,9,0.56,0.58,0.60,0.58,2122,1765,1.2,28.77%,07/26/17
T,38.03,Call,37.5,08/18/17,23,0.87,0.91,0.95,0.88,696,580,1.2,16.00%,07/26/17
MS,47.21,Call,28,01/19/18,177,19.00,19.45,19.90,19.05,6240,5188,1.2,38.84%,07/26/17
CMG,340.6,Put,342.5,07/28/17,2,4.40,4.95,5.50,4.78,771,643,1.2,55.15%,07/26/17
CRM,91.07,Put,90,07/28/17,2,0.12,0.15,0.18,0.17,796,662,1.2,27.47%,07/26/17
ABX,16.24,Call,16.5,08/18/17,23,0.42,0.46,0.50,0.48,1991,1658,1.2,35.95%,07/26/17
XOM,80.37,Call,76.5,08/11/17,16,3.85,4.8,5.75,4.45,600,500,1.2,37.06%,07/26/17
AKS,6.24,Call,5.5,07/28/17,2,0.73,0.75,0.77,0.78,863,717,1.2,148.02%,07/26/17
SNAP,13.4,Call,14,07/28/17,2,0.09,0.12,0.14,0.14,8734,7273,1.2,116.16%,07/26/17
ADP,105.98,Put,90,08/18/17,23,0.20,0.35,0.50,0.25,521,433,1.2,45.73%,07/26/17
STX,32.34,Call,33.5,07/28/17,2,0.04,0.07,0.09,0.07,719,602,1.19,59.17%,07/26/17
WYNN,132,Call,150,08/18/17,23,0.24,0.26,0.28,0.23,908,766,1.19,32.38%,07/26/17
F,11.06,Put,11,07/28/17,2,0.05,0.06,0.06,0.05,7745,6517,1.19,35.45%,07/26/17
MS,47.21,Call,42,08/18/17,23,5.10,5.18,5.25,5.6,1565,1328,1.18,0.00%,07/26/17
GILD,74.19,Put,74,08/18/17,23,1.94,2.01,2.07,2,1896,1607,1.18,29.26%,07/26/17
X,26.2,Call,26,07/28/17,2,0.51,0.53,0.54,0.51,12290,10390,1.18,76.51%,07/26/17
TGT,54.96,Call,56,08/04/17,9,0.36,0.38,0.39,0.37,710,603,1.18,23.92%,07/26/17
GS,222.25,Put,220,07/28/17,2,0.38,0.4,0.42,0.39,1981,1690,1.17,26.15%,07/26/17
TSLA,343.85,Put,310,08/04/17,9,2.34,2.47,2.60,2.65,644,551,1.17,67.07%,07/26/17
GOOG,947.8,Call,950,07/28/17,2,2.30,2.85,3.40,2.5,851,725,1.17,19.37%,07/26/17
NVDA,167.26,Call,165,07/28/17,2,2.91,3.01,3.10,2.9,5887,5045,1.17,46.93%,07/26/17
EA,118,Put,110,01/19/18,177,5.30,5.7,6.10,6.12,504,429,1.17,29.82%,07/26/17
PBR,8.63,Put,8.5,08/18/17,23,0.21,0.23,0.25,0.24,649,556,1.17,34.93%,07/26/17
AAOI,98.76,Put,85,08/04/17,9,2.15,2.45,2.75,2.65,769,656,1.17,136.55%,07/26/17
FB,165.61,Put,160,08/04/17,9,1.50,1.62,1.74,1.7,2892,2475,1.17,39.47%,07/26/17
AMZN,1052.8,Put,1005,07/28/17,2,3.75,4,4.25,4.01,663,567,1.17,88.95%,07/26/17
TXN,82.53,Call,85,07/28/17,2,0.00,0.02,0.02,0.02,549,475,1.16,27.93%,07/26/17
JNPR,28.06,Call,29,08/18/17,23,0.22,0.25,0.28,0.27,503,433,1.16,21.54%,07/26/17
X,26.2,Call,27.5,08/18/17,23,0.70,0.75,0.80,0.7,2695,2317,1.16,49.14%,07/26/17
WYNN,132,Call,130,09/15/17,51,7.05,7.13,7.20,7.15,4120,3545,1.16,30.87%,07/26/17
AEM,47.38,Call,50,08/18/17,23,0.66,0.76,0.85,0.71,1579,1357,1.16,36.80%,07/26/17
DOW,66.42,Call,64.5,08/04/17,9,1.84,1.96,2.07,1.82,1705,1466,1.16,11.60%,07/26/17
JD,45.87,Put,45,08/18/17,23,1.46,1.51,1.55,1.57,588,506,1.16,43.21%,07/26/17
AMZN,1052.8,Put,1035,07/28/17,2,12.10,12.58,13.05,13,522,449,1.16,92.93%,07/26/17
VRX,17.77,Call,19,08/11/17,16,0.68,0.71,0.73,0.7,610,529,1.15,82.17%,07/26/17
FB,165.61,Put,165,07/28/17,2,3.05,3.15,3.25,3.16,11953,10433,1.15,99.92%,07/26/17
BKS,8,Put,7,01/19/18,177,0.65,0.73,0.80,0.69,708,618,1.15,56.97%,07/26/17
LVS,61.65,Call,62,07/28/17,2,1.08,1.15,1.21,1.13,917,799,1.15,101.62%,07/26/17
ADP,105.98,Call,110,08/18/17,23,1.90,2.05,2.20,1.95,3175,2754,1.15,34.94%,07/26/17
BA,233.45,Call,222.5,07/28/17,2,10.70,11.13,11.55,9,635,550,1.15,58.08%,07/26/17
GILD,74.19,Call,75,07/28/17,2,1.10,1.23,1.35,1.27,3739,3273,1.14,102.51%,07/26/17
TPX,56.85,Put,55,08/18/17,23,2.10,2.25,2.40,2.33,2091,1835,1.14,56.71%,07/26/17
FB,165.61,Call,180,08/18/17,23,0.73,0.82,0.90,0.83,13489,11880,1.14,29.79%,07/26/17
BIDU,201.17,Put,185,08/11/17,16,0.93,1.09,1.24,1.36,856,752,1.14,38.61%,07/26/17
WLL,5.22,Call,5.5,09/15/17,51,0.45,0.48,0.50,0.49,904,800,1.13,76.28%,07/26/17
CMG,340.6,Put,345,07/28/17,2,6.10,6.5,6.90,6.2,1031,910,1.13,54.77%,07/26/17
WYNN,132,Put,130,07/28/17,2,0.43,0.51,0.58,0.55,1645,1454,1.13,46.13%,07/26/17
PBR,8.63,Call,9,08/04/17,9,0.04,0.06,0.07,0.05,1350,1191,1.13,35.17%,07/26/17
BBT,46.75,Call,49,09/15/17,51,0.22,0.28,0.34,0.26,504,446,1.13,14.43%,07/26/17
BHP,40.76,Call,41,08/18/17,23,0.86,0.92,0.97,0.86,1465,1303,1.12,25.44%,07/26/17
FB,165.61,Call,180,08/04/17,9,0.40,0.46,0.52,0.51,1533,1372,1.12,42.19%,07/26/17
MGM,33.87,Put,33,08/18/17,23,0.61,0.69,0.77,0.79,1429,1291,1.11,32.93%,07/26/17
SWN,5.91,Put,6,07/28/17,2,0.13,0.16,0.18,0.15,531,478,1.11,83.62%,07/26/17
T,38.03,Call,38.5,07/28/17,2,0.06,0.07,0.07,0.06,4508,4048,1.11,28.31%,07/26/17
AMD,14.76,Call,15,08/11/17,16,0.54,0.55,0.55,0.55,2465,2229,1.11,54.47%,07/26/17
NFLX,189.08,Call,192.5,08/04/17,9,1.89,1.95,2.01,1.87,534,479,1.11,29.93%,07/26/17
NVDA,167.26,Call,167.5,08/04/17,9,3.30,3.38,3.45,3.35,2745,2482,1.11,35.15%,07/26/17
MAN,105.21,Put,105,08/18/17,23,2.15,2.3,2.45,2.35,533,479,1.11,23.69%,07/26/17
BA,233.45,Put,200,11/17/17,114,1.75,1.88,2.01,1.97,993,905,1.1,24.87%,07/26/17
FCX,15.06,Call,15,09/15/17,51,0.85,0.88,0.90,0.89,3614,3295,1.1,37.60%,07/26/17
GE,25.59,Call,25.5,08/04/17,9,0.30,0.31,0.32,0.32,581,527,1.1,17.18%,07/26/17
GOOGL,965.31,Call,972.5,07/28/17,2,1.50,1.78,2.05,1.5,649,590,1.1,22.11%,07/26/17
AMD,14.76,Call,16,10/20/17,86,1.11,1.13,1.14,1.1,5165,4702,1.1,56.20%,07/26/17
JPM,91.93,Put,91.5,08/04/17,9,0.59,0.61,0.63,0.6,526,478,1.1,15.07%,07/26/17
ADP,105.98,Put,100,01/19/18,177,3.90,4.15,4.40,4.6,516,471,1.1,24.36%,07/26/17
FFIV,128.2,Put,130,07/28/17,2,4.80,5.08,5.35,5.09,1109,1016,1.09,152.68%,07/26/17
NUVA,79.46,Call,80,08/18/17,23,2.50,2.58,2.65,3.05,512,469,1.09,36.03%,07/26/17
WYNN,132,Put,132,07/28/17,2,1.14,1.27,1.39,1.3,611,561,1.09,45.97%,07/26/17
FB,165.61,Call,165,08/11/17,16,4.60,4.73,4.85,4.8,1111,1022,1.09,32.73%,07/26/17
AMZN,1052.8,Put,955,07/28/17,2,0.38,0.53,0.68,0.51,636,581,1.09,96.91%,07/26/17
FFIV,128.2,Put,125,08/18/17,23,3.15,3.43,3.70,3.34,918,852,1.08,39.48%,07/26/17
MRK,61.8,Put,57.5,01/18/19,541,4.10,4.2,4.30,4.05,2500,2318,1.08,22.65%,07/26/17
BAC,24.21,Put,24.5,08/18/17,23,0.60,0.61,0.62,0.62,2957,2739,1.08,19.30%,07/26/17
AAPL,153.46,Call,155,07/28/17,2,0.19,0.2,0.20,0.2,28782,26761,1.08,22.21%,07/26/17
PYPL,58.79,Call,58,07/28/17,2,2.04,2.11,2.17,2.06,1184,1093,1.08,137.77%,07/26/17
BIDU,201.17,Call,205,07/28/17,2,3.15,3.23,3.30,3.19,682,633,1.08,115.60%,07/26/17
BIDU,201.17,Put,195,07/28/17,2,2.15,2.24,2.33,2.2,554,513,1.08,113.56%,07/26/17
FB,165.61,Call,220,09/21/18,422,4.70,4.8,4.90,4.85,1411,1321,1.07,26.34%,07/26/17
NVDA,167.26,Call,162.5,07/28/17,2,4.90,5,5.10,4.9,1840,1712,1.07,46.74%,07/26/17
TIF,95.09,Call,100,08/18/17,23,0.39,0.48,0.57,0.5,507,472,1.07,21.52%,07/26/17
MA,130.99,Call,135,01/19/18,177,4.90,4.95,5.00,4.8,1121,1045,1.07,17.61%,07/26/17
AKAM,45.49,Put,47,07/28/17,2,1.44,1.63,1.81,1.62,1297,1211,1.07,60.73%,07/26/17
CAT,113.52,Put,109,07/28/17,2,0.02,0.04,0.06,0.03,626,586,1.07,44.03%,07/26/17
SQ,27.31,Call,30,08/18/17,23,0.60,0.68,0.75,0.7,1495,1402,1.07,60.12%,07/26/17
FFIV,128.2,Put,130,08/18/17,23,5.35,5.63,5.90,5.6,1133,1064,1.06,37.34%,07/26/17
TTPH,7.88,Call,10,02/16/18,205,1.05,1.23,1.40,1.4,911,861,1.06,80.41%,07/26/17
NOW,109.72,Call,118,07/28/17,2,0.75,0.95,1.15,0.97,968,912,1.06,156.08%,07/26/17
T,38.03,Put,33,01/19/18,177,0.44,0.46,0.48,0.47,5299,4977,1.06,21.65%,07/26/17
GE,25.59,Put,22,09/15/17,51,0.04,0.05,0.06,0.06,2001,1891,1.06,25.51%,07/26/17
GOOGL,965.31,Call,980,07/28/17,2,0.55,0.7,0.85,0.59,1379,1301,1.06,24.14%,07/26/17
AMGN,175.89,Put,175,07/28/17,2,0.52,0.55,0.57,0.57,1164,1103,1.06,25.23%,07/26/17
PYPL,58.79,Call,60,08/18/17,23,1.43,1.51,1.58,1.49,13375,12659,1.06,35.04%,07/26/17
LRCX,168.34,Call,165,08/18/17,23,7.60,7.7,7.80,7.7,1325,1251,1.06,35.64%,07/26/17
GS,222.25,Call,222.5,07/28/17,2,1.02,1.09,1.15,0.94,2062,1973,1.05,25.90%,07/26/17
VZ,44.4,Call,47,01/19/18,177,0.74,0.81,0.88,0.82,10720,10199,1.05,13.78%,07/26/17
NFLX,189.08,Call,200,08/04/17,9,0.55,0.6,0.64,0.59,693,657,1.05,32.97%,07/26/17
TWTR,19.61,Call,19.5,08/04/17,9,1.12,1.15,1.18,1.13,1001,955,1.05,94.61%,07/26/17
SO,47.4,Call,48,11/17/17,114,0.77,0.87,0.96,0.8,551,525,1.05,10.12%,07/26/17
STX,32.34,Put,32.5,07/28/17,2,0.44,0.47,0.50,0.5,718,688,1.04,56.91%,07/26/17
MU,29.81,Call,30.5,07/28/17,2,0.21,0.22,0.23,0.22,5174,4985,1.04,77.71%,07/26/17
AMD,14.76,Put,12.5,08/11/17,16,0.06,0.08,0.10,0.07,734,708,1.04,63.41%,07/26/17
WYNN,132,Put,120,08/18/17,23,0.78,0.81,0.84,0.78,574,550,1.04,36.38%,07/26/17
NVDA,167.26,Call,175,08/11/17,16,4.90,5.03,5.15,4.85,657,634,1.04,60.03%,07/26/17
AAL,51.01,Call,52,08/04/17,9,0.67,0.76,0.85,0.76,1119,1079,1.04,38.97%,07/26/17
DIS,106.94,Put,120,01/19/18,177,13.55,14.1,14.65,14.45,3004,2884,1.04,18.93%,07/26/17
LVS,61.65,Call,62,08/04/17,9,1.29,1.38,1.47,1.41,2875,2774,1.04,42.23%,07/26/17
AMD,14.76,Call,12,07/28/17,2,2.74,2.76,2.78,2.73,1616,1568,1.03,0.00%,07/26/17
FCX,15.06,Put,14.5,08/04/17,9,0.16,0.17,0.18,0.15,4016,3898,1.03,44.52%,07/26/17
BHGE,36.05,Put,35,10/20/17,86,1.60,1.65,1.70,1.65,568,551,1.03,31.83%,07/26/17
ABX,16.24,Put,15.5,08/18/17,23,0.23,0.27,0.30,0.26,1268,1236,1.03,36.20%,07/26/17
ZEN,30.78,Call,35,08/18/17,23,0.25,0.35,0.45,0.3,800,779,1.03,52.12%,07/26/17
LVS,61.65,Call,63,07/28/17,2,0.70,0.75,0.80,0.76,1068,1037,1.03,101.11%,07/26/17
LVS,61.65,Call,66,08/04/17,9,0.20,0.25,0.29,0.25,600,581,1.03,40.47%,07/26/17
USB,52.43,Put,53,08/04/17,9,0.74,0.79,0.84,0.59,2102,2034,1.03,14.73%,07/26/17
SBGI,36.35,Call,41,09/15/17,51,0.30,0.38,0.45,0.3,785,761,1.03,31.93%,07/26/17
SBUX,57.94,Call,59.5,08/18/17,23,0.71,0.93,1.15,0.77,549,534,1.03,27.40%,07/26/17
GILD,74.19,Call,75,09/15/17,51,2.10,2.2,2.30,2.2,5208,5112,1.02,23.03%,07/26/17
CMG,340.6,Put,350,07/28/17,2,9.70,10.35,11.00,10.4,1002,986,1.02,55.89%,07/26/17
X,26.2,Put,22,09/15/17,51,0.43,0.45,0.46,0.46,925,904,1.02,51.81%,07/26/17
BMY,55.98,Call,56,08/18/17,23,1.56,1.71,1.85,1.63,542,531,1.02,30.95%,07/26/17
FB,165.61,Put,165,08/04/17,9,3.15,3.43,3.70,3.25,1614,1590,1.02,38.33%,07/26/17
GG,13.79,Call,18,01/19/18,177,0.18,0.22,0.25,0.22,2055,2016,1.02,32.45%,07/26/17
AKAM,45.49,Put,46,07/28/17,2,0.75,0.83,0.90,0.79,1905,1874,1.02,55.75%,07/26/17
BWLD,122.65,Put,115,08/18/17,23,2.85,2.93,3.00,2.85,529,525,1.01,51.75%,07/26/17
T,38.03,Put,34.5,08/04/17,9,0.00,0.01,0.01,0.01,714,707,1.01,28.24%,07/26/17
NFLX,189.08,Call,190,08/04/17,9,2.82,2.86,2.90,2.85,1408,1392,1.01,29.29%,07/26/17
DVAX,10.4,Call,14,08/18/17,23,1.10,1.3,1.50,1.35,4461,4428,1.01,233.17%,07/26/17
FB,165.61,Call,165,07/28/17,2,3.70,3.75,3.80,3.73,23357,23093,1.01,99.49%,07/26/17
BAX,61.22,Put,62.5,07/28/17,2,0.97,1.25,1.52,1.8,512,509,1.01,0.00%,07/26/17
JD,45.87,Call,45.5,08/04/17,9,1.05,1.13,1.20,1.07,543,539,1.01,34.18%,07/26/17
AMZN,1052.8,Put,1030,07/28/17,2,9.85,10.45,11.05,10.64,690,685,1.01,91.10%,07/26/17
UPS,112.29,Call,125,06/15/18,324,1.46,1.65,1.83,1.78,5093,5025,1.01,12.71%,07/26/17
MSFT,74.05,Put,74,07/28/17,2,0.29,0.3,0.31,0.34,1965,1947,1.01,21.05%,07/26/17
STX,32.34,Put,39,08/04/17,9,6.60,6.68,6.75,6.7,1366,1364,1,61.75%,07/26/17
STX,32.34,Call,37,01/19/18,177,1.18,1.22,1.26,1.17,654,654,1,30.66%,07/26/17
MU,29.81,Call,30,09/15/17,51,1.65,1.67,1.69,1.69,970,970,1,39.51%,07/26/17
T,38.03,Call,38,08/04/17,9,0.31,0.36,0.40,0.38,1047,1044,1,14.93%,07/26/17
AMD,14.76,Call,14.5,08/11/17,16,0.77,0.79,0.81,0.8,863,866,1,54.81%,07/26/17
CLF,7.73,Call,7.5,08/11/17,16,0.57,0.59,0.60,0.57,1212,1208,1,74.61%,07/26/17
OCN,2.9,Call,2,08/18/17,23,0.80,0.88,0.95,0.85,701,700,1,0.00%,07/26/17
JPM,91.93,Call,92.5,07/28/17,2,0.20,0.21,0.21,0.2,1954,1959,1,22.35%,07/26/17
HAIN,43.95,Call,48,02/16/18,205,2.75,3.08,3.40,3.38,1500,1500,1,34.63%,07/26/17
TWTR,19.61,Call,20.5,07/28/17,2,0.60,0.64,0.68,0.65,7167,7168,1,244.69%,07/26/17
BAX,61.22,Put,61.5,07/28/17,2,0.36,0.48,0.60,0.44,1266,1266,1,25.13%,07/26/17
AMED,48.69,Put,55,08/18/17,23,6.25,6.65,7.05,5.9,2012,2003,1,44.35%,07/26/17
JD,45.87,Call,44.5,08/04/17,9,1.68,1.77,1.85,1.81,519,517,1,34.24%,07/26/17
LEA,150.61,Call,160,08/18/17,23,0.40,0.5,0.60,0.56,934,938,1,21.17%,07/26/17
USB,52.43,Put,53.5,07/28/17,2,1.01,1.07,1.12,0.8,2001,2001,1,0.00%,07/26/17
V,100.85,Call,101,07/28/17,2,0.41,0.44,0.47,0.49,1491,1487,1,24.21%,07/26/17
VALE,9.39,Put,10,07/28/17,2,0.60,0.63,0.65,0.55,5003,5000,1,84.95%,07/26/17
SGMS,39,Call,31,01/19/18,177,10.10,10.35,10.60,10.17,13517,13553,1,55.36%,07/26/17
AKAM,45.49,Put,50,07/28/17,2,4.45,4.58,4.70,4.49,1185,1181,1,113.21%,07/26/17
CAT,113.52,Put,113,07/28/17,2,0.39,0.41,0.43,0.38,1024,1028,1,26.97%,07/26/17
AMD,14.76,Call,14.5,07/28/17,2,0.39,0.41,0.42,0.41,21764,21965,0.99,83.09%,07/26/17
VRX,17.77,Put,15,01/18/19,541,3.05,3.1,3.15,3.15,4133,4157,0.99,57.63%,07/26/17
CMCSA,39.35,Put,37.5,07/28/17,2,0.06,0.09,0.12,0.09,2683,2710,0.99,77.60%,07/26/17
FE,31.1,Call,31,10/20/17,86,0.80,0.88,0.95,0.78,4051,4072,0.99,13.11%,07/26/17
NNI,48.61,Put,45,08/18/17,23,0.35,0.5,0.65,0.35,612,620,0.99,38.21%,07/26/17
GILD,74.19,Call,80,06/15/18,324,3.60,4.33,5.05,3.98,1191,1199,0.99,22.76%,07/26/17
GOOG,947.8,Put,935,07/28/17,2,0.80,0.93,1.05,0.89,520,527,0.99,24.80%,07/26/17
CVX,105.12,Put,99,07/28/17,2,0.08,0.12,0.16,0.1,2360,2375,0.99,76.49%,07/26/17
DAL,51.13,Call,65,08/18/17,23,0.00,0.02,0.02,0.02,5989,6057,0.99,38.56%,07/26/17
JPM,91.93,Call,75,01/18/19,541,19.20,19.45,19.70,19.77,660,669,0.99,17.27%,07/26/17
AAPL,153.46,Call,152.5,07/28/17,2,1.29,1.33,1.36,1.33,23841,24095,0.99,23.34%,07/26/17
NXST,66.25,Call,85,11/17/17,114,0.50,0.73,0.95,0.65,750,754,0.99,35.11%,07/26/17
KO,45.74,Put,45,07/28/17,2,0.02,0.03,0.03,0.03,791,798,0.99,23.77%,07/26/17
PYPL,58.79,Call,56,07/28/17,2,3.30,3.4,3.50,3.4,5052,5119,0.99,136.88%,07/26/17
