Symbol,Price,Type,Strike,"Exp Date",DTE,Bid,Midpoint,Ask,Last,Volume,"Open Interest","Vol/OI Ratio",IV,Time
BA,234.88,Call,160,01/19/18,160,75.70,76.38,77.05,79.09,9030,105,86,34.49%,08/11/17
MET,46.81,Put,40,01/19/18,160,0.86,0.91,0.95,0.86,5061,107,47.3,28.87%,08/11/17
WLL,4.79,Call,4.5,08/18/17,6,0.35,0.37,0.39,0.38,6245,139,44.93,87.88%,08/11/17
COST,156.65,Call,195,10/20/17,69,0.04,0.05,0.05,0.05,7550,200,37.75,21.08%,08/11/17
VRX,13.89,Put,12,09/15/17,34,0.28,0.29,0.30,0.3,10289,302,34.07,61.66%,08/11/17
LB,40.88,Put,35,08/18/17,6,0.05,0.08,0.10,0.05,33982,1010,33.65,80.82%,08/11/17
GE,25.2,Put,27,09/01/17,20,1.75,1.81,1.87,1.79,3510,105,33.43,18.49%,08/11/17
WFM,41.75,Put,43,01/19/18,160,1.25,1.4,1.55,1.45,6617,233,28.4,6.77%,08/11/17
AMAT,43.08,Put,39,10/20/17,69,1.03,1.07,1.11,1.06,17471,658,26.55,37.52%,08/11/17
CSIQ,17.2,Call,19,09/15/17,34,0.50,0.65,0.80,0.42,5020,218,23.03,62.79%,08/11/17
T,38.1,Put,44,08/18/17,6,5.80,5.88,5.95,4.7,11000,478,23.01,0.00%,08/11/17
JCP,3.93,Call,4,09/15/17,34,0.26,0.29,0.31,0.25,3783,167,22.65,66.81%,08/11/17
CSIQ,17.2,Call,18,09/15/17,34,0.85,0.95,1.05,0.9,5069,237,21.39,61.92%,08/11/17
NFX,25.92,Call,26,09/15/17,34,1.15,1.23,1.30,1.3,5099,242,21.07,40.28%,08/11/17
NCLH,56.77,Call,57.5,09/15/17,34,1.65,1.68,1.70,1.65,11886,565,21.04,29.14%,08/11/17
MU,28.01,Call,35,09/15/17,34,0.10,0.12,0.13,0.13,12568,608,20.67,47.44%,08/11/17
CSX,50.27,Put,48,08/25/17,13,0.32,0.37,0.41,0.42,2282,123,18.55,32.92%,08/11/17
DVN,31.61,Call,31.5,08/18/17,6,0.64,0.68,0.71,0.66,2299,131,17.55,41.82%,08/11/17
AAPL,157.48,Call,75,01/19/18,160,82.15,82.78,83.40,85.7,24800,1447,17.14,0.00%,08/11/17
MDLZ,43.59,Put,46,01/19/18,160,3.90,4.03,4.15,4.14,2000,119,16.81,23.68%,08/11/17
AAPL,157.48,Call,55,01/19/18,160,102.10,102.7,103.30,105.8,18800,1127,16.68,0.00%,08/11/17
PAA,20.4,Put,20,09/15/17,34,0.50,0.58,0.65,0.58,10466,663,15.79,31.64%,08/11/17
AAPL,157.48,Call,70,01/18/19,524,86.30,87.75,89.20,90.4,3901,249,15.67,0.00%,08/11/17
NVDA,155.96,Call,157.5,08/18/17,6,2.95,3,3.05,3.02,6119,401,15.26,50.70%,08/11/17
AAPL,157.48,Call,65,01/19/18,160,92.15,92.78,93.40,95.75,7000,467,14.99,43.96%,08/11/17
FFIV,117.82,Call,119,08/18/17,6,0.97,1.1,1.22,1.07,1627,116,14.03,29.13%,08/11/17
SNAP,11.83,Put,7,08/18/17,6,0.00,0.02,0.02,0.01,1327,101,13.14,202.33%,08/11/17
JD,45.9,Put,42,03/16/18,216,3.05,3.58,4.10,3.5,1510,115,13.13,40.42%,08/11/17
MU,28.01,Put,27.5,09/01/17,20,0.81,0.83,0.85,0.87,2559,202,12.67,42.46%,08/11/17
AMZN,967.99,Call,972.5,08/11/17,1,0.02,0.06,0.10,0.05,4984,430,11.59,0.00%,08/11/17
AMZN,967.99,Call,967.5,08/11/17,1,0.85,1.12,1.38,0.85,3806,334,11.4,0.00%,08/11/17
VALE,9.69,Put,9.5,08/11/17,1,0.00,0.02,0.02,0.05,2820,248,11.37,0.00%,08/11/17
ZION,44.11,Put,45,09/15/17,34,1.73,1.81,1.88,1.44,2028,179,11.33,25.05%,08/11/17
UTX,116.89,Put,117,08/11/17,1,0.05,0.2,0.35,0.05,3020,269,11.23,5.74%,08/11/17
AES,11.1,Put,11,09/15/17,34,0.20,0.25,0.30,0.27,2013,180,11.18,22.79%,08/11/17
NVDA,155.96,Call,155,08/11/17,1,0.80,0.99,1.18,0.96,15841,1423,11.13,0.00%,08/11/17
VRX,13.89,Put,15.5,08/25/17,13,1.65,1.76,1.86,1.7,3529,323,10.93,62.84%,08/11/17
PAA,20.4,Put,22,11/17/17,97,2.65,2.7,2.75,2.6,2815,260,10.83,42.27%,08/11/17
TWLO,31.38,Call,35.5,08/18/17,6,0.01,0.02,0.02,0.02,1070,101,10.59,51.42%,08/11/17
VRX,13.89,Put,17,08/25/17,13,3.05,3.15,3.25,3.1,1700,161,10.56,69.76%,08/11/17
SGYP,2.98,Call,3,10/20/17,69,0.30,0.4,0.50,0.4,1122,108,10.39,79.54%,08/11/17
BAC,23.86,Call,24,09/08/17,27,0.52,0.53,0.54,0.54,2224,217,10.25,23.14%,08/11/17
SKX,29.33,Call,30,09/15/17,34,0.85,0.9,0.95,0.93,2771,271,10.23,33.58%,08/11/17
JCP,3.93,Put,3.5,08/18/17,6,0.03,0.05,0.07,0.06,4228,429,9.86,111.90%,08/11/17
ACRS,25.08,Call,30,08/18/17,6,0.00,0.25,0.25,1.3,1501,154,9.75,108.52%,08/11/17
BABA,151.7,Call,149,08/11/17,1,2.41,2.69,2.97,2.55,3687,381,9.68,0.00%,08/11/17
GATX,62.03,Call,75,09/15/17,34,0.00,0.15,0.15,0.15,2001,208,9.62,33.08%,08/11/17
NVDA,155.96,Put,144,08/18/17,6,0.42,0.45,0.47,0.45,1129,118,9.57,53.37%,08/11/17
COT,15.18,Call,7.5,08/18/17,6,7.50,7.7,7.90,8.2,4734,495,9.56,279.14%,08/11/17
CTXS,74.61,Call,77.5,09/15/17,34,1.10,1.2,1.30,1.15,1357,143,9.49,25.72%,08/11/17
AMBC,19.08,Call,20,02/16/18,188,1.75,1.85,1.95,1.85,2251,239,9.42,40.30%,08/11/17
AVEO,2.91,Put,2.5,10/20/17,69,0.40,0.5,0.60,0.45,1002,109,9.19,150.64%,08/11/17
MMM,205.98,Call,230,06/15/18,307,2.38,2.63,2.88,2.85,1388,153,9.07,12.67%,08/11/17
KO,45.59,Put,47,06/15/18,307,3.45,3.53,3.60,3.45,1000,111,9.01,17.79%,08/11/17
HUBG,35.45,Put,35,08/18/17,6,0.20,0.33,0.45,0.25,1005,112,8.97,31.69%,08/11/17
AAPL,157.48,Call,92.5,01/19/18,160,64.90,65.4,65.90,68.05,6505,740,8.79,28.17%,08/11/17
PCLN,1854.17,Call,1865,08/11/17,1,0.00,0.05,0.05,0.05,938,107,8.77,0.00%,08/11/17
MET,46.81,Call,52.5,01/19/18,160,0.69,0.77,0.84,0.74,5065,581,8.72,20.32%,08/11/17
TEVA,17.3,Put,21,08/11/17,1,1.60,2.9,4.20,3.05,1005,117,8.59,0.00%,08/11/17
JCP,3.93,Call,5.5,01/19/18,160,0.22,0.25,0.27,0.21,1466,175,8.38,64.73%,08/11/17
SWKS,103.18,Put,80,01/19/18,160,1.75,1.85,1.95,1.65,6751,809,8.34,38.55%,08/11/17
NVDA,155.96,Call,152.5,08/18/17,6,5.50,5.63,5.75,5.65,1095,133,8.23,50.30%,08/11/17
GOOGL,930.09,Call,932.5,08/11/17,1,0.00,0.05,0.05,0.02,978,119,8.22,0.00%,08/11/17
JCP,3.93,Put,2.5,02/16/18,188,0.18,0.2,0.22,0.2,1713,210,8.16,78.32%,08/11/17
HTZ,18.65,Put,17.5,01/18/19,524,4.70,4.9,5.10,5,1508,185,8.15,66.79%,08/11/17
SCHW,40.65,Put,42,08/11/17,1,1.20,1.35,1.50,0.55,2000,247,8.1,0.00%,08/11/17
NVDA,155.96,Call,160,08/11/17,1,0.00,0.01,0.01,0.01,12819,1585,8.09,0.00%,08/11/17
KO,45.59,Call,46.5,09/01/17,20,0.09,0.16,0.22,0.21,1000,124,8.06,11.25%,08/11/17
CSX,50.27,Call,50.5,08/18/17,6,0.56,0.61,0.65,0.6,3351,419,8,30.22%,08/11/17
SNAP,11.83,Put,21,01/19/18,160,9.15,9.45,9.75,9.02,1000,127,7.87,69.90%,08/11/17
AMZN,967.99,Call,965,08/11/17,1,2.21,2.93,3.65,2.98,4371,557,7.85,0.00%,08/11/17
BHP,40.35,Put,40,01/19/18,160,2.89,2.97,3.05,3.05,2000,262,7.63,30.62%,08/11/17
HOLX,38.2,Put,50,12/15/17,125,11.40,11.8,12.20,11,1110,150,7.4,28.63%,08/11/17
SBGI,31.35,Call,33,09/15/17,34,0.60,0.65,0.70,0.7,2971,402,7.39,33.29%,08/11/17
FCX,13.96,Put,14,09/01/17,20,0.49,0.5,0.50,0.49,985,134,7.35,37.63%,08/11/17
QEP,7.3,Put,25,01/19/18,160,17.60,17.7,17.80,11,2200,300,7.33,100.84%,08/11/17
EIX,79.53,Call,80,08/18/17,6,0.35,0.4,0.45,0.4,2682,369,7.27,14.73%,08/11/17
BP,34.94,Call,35.5,08/18/17,6,0.09,0.11,0.12,0.11,1141,157,7.27,18.59%,08/11/17
JD,45.9,Call,47.5,08/18/17,6,1.23,1.29,1.35,1.25,6687,930,7.19,91.13%,08/11/17
ORCL,48.24,Put,48,08/25/17,13,0.43,0.52,0.60,0.51,1008,141,7.15,17.54%,08/11/17
WFT,3.95,Call,4,08/11/17,1,0.00,0.04,0.04,0.01,1910,271,7.05,0.00%,08/11/17
FCH,7.15,Call,7.5,08/18/17,6,0.00,0.1,0.10,0.2,1000,142,7.04,49.91%,08/11/17
SNAP,11.83,Call,11.5,08/11/17,1,0.28,0.36,0.43,0.32,1470,209,7.03,0.00%,08/11/17
MYL,30.88,Call,31,08/11/17,1,0.01,0.02,0.02,0.02,940,135,6.96,0.00%,08/11/17
VRX,13.89,Call,15.5,08/25/17,13,0.10,0.11,0.11,0.11,1979,285,6.94,55.68%,08/11/17
RDC,9.94,Call,18,10/20/17,69,0.00,0.05,0.05,0.05,3325,485,6.86,65.63%,08/11/17
NVDA,155.96,Call,157.5,08/11/17,1,0.00,0.01,0.01,0.01,11648,1720,6.77,0.00%,08/11/17
SGYP,2.98,Call,3,09/15/17,34,0.20,0.25,0.30,0.28,749,111,6.75,72.26%,08/11/17
TGT,55.65,Put,54,08/18/17,6,0.85,0.89,0.92,0.88,4072,615,6.62,61.63%,08/11/17
SYF,29.2,Call,29,08/18/17,6,0.50,0.58,0.65,0.5,3101,469,6.61,34.29%,08/11/17
CSCO,31.47,Put,29,11/17/17,97,0.50,0.55,0.59,0.58,2091,320,6.53,24.04%,08/11/17
BAS,16.52,Call,30,10/20/17,69,0.00,0.25,0.25,0.65,2500,385,6.49,79.23%,08/11/17
CSX,50.27,Put,48,09/15/17,34,0.82,0.87,0.91,0.85,1932,299,6.46,30.38%,08/11/17
AAPL,157.48,Put,140,09/29/17,48,0.80,1.04,1.27,0.9,740,115,6.43,29.57%,08/11/17
LL,35.62,Put,37,08/18/17,6,1.60,1.75,1.90,1.7,688,108,6.37,53.13%,08/11/17
BP,34.94,Call,35,09/15/17,34,0.67,0.69,0.70,0.69,1147,180,6.37,16.67%,08/11/17
XOM,78.21,Call,78.5,08/18/17,6,0.44,0.47,0.49,0.49,860,135,6.37,16.24%,08/11/17
ALRM,40.8,Call,42.5,12/15/17,125,2.60,2.75,2.90,2.85,690,109,6.33,35.98%,08/11/17
AMZN,967.99,Call,962.5,08/11/17,1,5.15,5.6,6.05,5.7,2457,390,6.3,0.00%,08/11/17
VRX,13.89,Put,16.5,08/25/17,13,2.56,2.67,2.77,2.67,2025,325,6.23,65.81%,08/11/17
WYNN,125.63,Call,125,08/25/17,13,2.96,3.08,3.20,3.1,689,113,6.1,30.14%,08/11/17
JCP,3.93,Call,4,08/11/17,1,0.00,0.01,0.01,0.01,4055,674,6.02,0.00%,08/11/17
STLD,34.54,Call,37,01/19/18,160,1.75,1.85,1.95,1.95,1000,166,6.02,30.32%,08/11/17
AHGP,26.47,Call,20,01/19/18,160,6.70,7.1,7.50,7.5,1500,250,6,43.16%,08/11/17
AU,9.71,Put,12,08/18/17,6,2.25,2.35,2.45,2.15,900,150,6,130.17%,08/11/17
AVEO,2.91,Call,4,09/15/17,34,0.15,0.23,0.30,0.21,3576,603,5.93,153.07%,08/11/17
MSFT,72.5,Call,72,09/08/17,27,1.42,1.49,1.55,1.5,1470,248,5.93,15.46%,08/11/17
GSK,38.79,Call,40,11/17/17,97,0.60,0.7,0.80,0.7,1275,215,5.93,14.54%,08/11/17
FORM,13.65,Call,17.5,01/19/18,160,0.30,0.4,0.50,0.5,1200,203,5.91,40.42%,08/11/17
GES,13.33,Call,15,01/19/18,160,0.70,0.8,0.90,0.8,1011,171,5.91,39.51%,08/11/17
SPLK,58.2,Put,50,01/18/19,524,4.90,5.15,5.40,5.3,608,103,5.9,35.05%,08/11/17
HD,154.88,Put,157.5,08/18/17,6,3.75,3.88,4.00,3.86,1114,189,5.89,32.24%,08/11/17
AAPL,157.48,Put,157.5,08/11/17,1,0.02,0.04,0.05,0.03,55865,9581,5.83,0.00%,08/11/17
NEM,36.53,Call,40,06/15/18,307,2.70,2.79,2.88,2.83,600,103,5.83,30.03%,08/11/17
DD,80.97,Put,80,09/15/17,34,1.09,1.37,1.65,1.44,820,141,5.82,19.12%,08/11/17
CSIQ,17.2,Call,18.5,08/18/17,6,0.35,0.43,0.50,0.5,608,105,5.79,112.18%,08/11/17
SU,32.41,Put,28,01/19/18,160,0.62,0.7,0.78,0.63,2500,441,5.67,28.91%,08/11/17
NTES,280.96,Call,280,08/11/17,1,0.35,1.03,1.70,1.2,759,135,5.62,0.00%,08/11/17
VRX,13.89,Call,13.5,08/11/17,1,0.35,0.38,0.41,0.37,1348,243,5.55,0.00%,08/11/17
TSLA,357.87,Call,357.5,08/11/17,1,0.45,0.59,0.73,0.49,7065,1280,5.52,0.00%,08/11/17
LLY,81.15,Put,84,08/18/17,6,2.70,2.85,3.00,1.47,2250,409,5.5,14.61%,08/11/17
CAG,34.8,Call,47,01/18/19,524,0.30,0.4,0.50,0.45,852,156,5.46,18.37%,08/11/17
X,23.16,Call,23,08/25/17,13,0.91,0.95,0.98,0.94,1094,201,5.44,51.45%,08/11/17
WFC,51.94,Call,52,08/11/17,1,0.00,0.03,0.03,0.03,1009,186,5.42,0.00%,08/11/17
TEVA,17.3,Call,17,08/11/17,1,0.29,0.32,0.35,0.32,5011,935,5.36,0.00%,08/11/17
BABA,151.7,Call,148,08/18/17,6,7.20,7.4,7.60,7.1,1113,208,5.35,76.28%,08/11/17
GOOG,914.39,Put,912.5,08/11/17,1,0.00,0.05,0.05,0.08,660,124,5.32,0.00%,08/11/17
AMC,14.05,Call,15,12/15/17,125,1.00,1.13,1.25,1.1,1104,209,5.28,45.60%,08/11/17
CRM,88.29,Call,100,02/16/18,188,2.30,2.43,2.56,2.24,960,182,5.27,24.54%,08/11/17
AABA,57.92,Put,70,08/18/17,6,11.85,12.65,13.45,16.1,5250,1000,5.25,135.98%,08/11/17
MAN,106.85,Put,120,08/18/17,6,12.50,13.05,13.60,11.3,1232,235,5.24,0.00%,08/11/17
XOM,78.21,Call,78.5,08/11/17,1,0.00,0.01,0.01,0.01,799,155,5.15,0.00%,08/11/17
VIAB,30.66,Call,31,08/18/17,6,0.35,0.4,0.45,0.4,715,140,5.11,38.33%,08/11/17
NHI,76.54,Call,70,10/20/17,69,6.60,6.85,7.10,9.3,601,118,5.09,15.16%,08/11/17
SBUX,53.18,Call,53.5,08/11/17,1,0.00,0.01,0.01,0.01,2453,484,5.07,0.00%,08/11/17
Q,88.91,Put,90,08/18/17,6,1.10,1.48,1.85,0.7,1756,347,5.06,19.80%,08/11/17
NVDA,155.96,Call,152.5,08/11/17,1,3.30,3.45,3.60,3.5,2761,547,5.05,0.00%,08/11/17
SPNC,38.45,Call,31,08/18/17,6,5.20,7.6,10.00,8.44,1000,200,5,122.87%,08/11/17
TRIP,42.18,Call,42.5,08/18/17,6,0.65,0.75,0.85,0.6,580,116,5,45.45%,08/11/17
FCX,13.96,Call,19,11/17/17,97,0.10,0.12,0.14,0.11,2011,404,4.98,41.77%,08/11/17
AFL,80.75,Put,77.5,09/15/17,34,0.53,0.57,0.60,0.53,870,178,4.89,18.40%,08/11/17
AMZN,967.99,Call,960,08/11/17,1,7.75,8.13,8.50,8.35,3260,670,4.87,0.00%,08/11/17
COLL,10.34,Put,10,08/18/17,6,0.25,0.43,0.60,0.35,510,105,4.86,122.22%,08/11/17
CERN,62.11,Put,57.5,09/15/17,34,0.30,0.35,0.40,0.31,5902,1216,4.85,25.06%,08/11/17
GE,25.2,Put,25,09/22/17,41,0.53,0.58,0.62,0.54,913,193,4.73,20.61%,08/11/17
GOOGL,930.09,Call,935,08/11/17,1,0.00,0.05,0.05,0.1,1619,342,4.73,0.00%,08/11/17
MCD,157.3,Put,160,08/11/17,1,2.54,2.63,2.72,2.54,620,131,4.73,0.00%,08/11/17
HUBS,67.35,Put,60,09/15/17,34,0.75,1,1.25,1,1150,243,4.73,46.39%,08/11/17
EDIT,21.95,Call,22.5,09/15/17,34,1.45,1.6,1.75,1.65,581,123,4.72,69.66%,08/11/17
AAOI,65.84,Call,80,09/22/17,41,0.95,1.08,1.20,1.1,1116,238,4.69,56.89%,08/11/17
AMZN,967.99,Put,960,08/11/17,1,0.00,0.1,0.10,0.01,7699,1648,4.67,0.00%,08/11/17
MELI,240.16,Call,230,09/15/17,34,17.40,18.15,18.90,18.4,786,171,4.6,43.58%,08/11/17
CLVS,70.99,Call,85,01/19/18,160,4.70,5.15,5.60,5.1,644,141,4.57,52.14%,08/11/17
AMZN,967.99,Call,970,08/11/17,1,0.03,0.07,0.10,0.04,6725,1476,4.56,0.00%,08/11/17
RIO,44.61,Put,45,09/15/17,34,1.65,1.73,1.80,1.75,4978,1094,4.55,28.76%,08/11/17
GOOGL,930.09,Call,925,08/11/17,1,4.10,5.15,6.20,5.8,548,121,4.53,0.00%,08/11/17
ADBE,146.47,Put,141,08/18/17,6,0.34,0.38,0.41,0.37,557,123,4.53,30.55%,08/11/17
BIDU,223.49,Call,220,08/11/17,1,3.10,3.55,4.00,3.45,1071,237,4.52,0.00%,08/11/17
M,20.62,Call,20.5,08/18/17,6,0.45,0.48,0.50,0.5,1388,307,4.52,42.78%,08/11/17
C,66.8,Call,66.5,08/11/17,1,0.26,0.29,0.32,0.23,870,193,4.51,0.00%,08/11/17
SRPT,38.34,Call,42,09/15/17,34,0.76,1.13,1.50,1,587,131,4.48,52.84%,08/11/17
KMI,19.07,Call,19,08/11/17,1,0.05,0.07,0.09,0.08,1038,234,4.44,0.00%,08/11/17
SNAP,11.83,Put,19,01/19/18,160,7.25,7.48,7.70,7.2,1005,227,4.43,62.57%,08/11/17
DST,50.6,Put,57.5,08/18/17,6,6.50,6.8,7.10,1.68,736,167,4.41,0.00%,08/11/17
FITB,26.11,Put,27,08/18/17,6,0.90,0.94,0.97,0.57,2070,470,4.4,24.94%,08/11/17
BIDU,223.49,Call,222.5,08/18/17,6,4.05,4.18,4.30,4.14,509,116,4.39,34.98%,08/11/17
CLVS,70.99,Put,60,09/15/17,34,0.75,0.98,1.20,0.9,638,146,4.37,57.45%,08/11/17
M,20.62,Call,21,08/18/17,6,0.23,0.26,0.28,0.25,3812,877,4.35,42.89%,08/11/17
GLW,28.98,Put,27,01/18/19,524,2.61,2.65,2.69,2.65,2141,493,4.34,28.14%,08/11/17
SEAS,12.76,Put,17,01/19/18,160,4.40,4.6,4.80,4.45,40566,9344,4.34,46.57%,08/11/17
GE,25.2,Call,27,09/01/17,20,0.01,0.03,0.04,0.02,3501,808,4.33,18.61%,08/11/17
RHT,98.34,Call,100,09/15/17,34,2.00,2.13,2.25,2.22,4236,983,4.31,23.90%,08/11/17
TGT,55.65,Call,55.5,08/11/17,1,0.11,0.16,0.21,0.22,1993,462,4.31,0.00%,08/11/17
AMD,12.23,Put,8,09/01/17,20,0.00,0.01,0.01,0.27,502,117,4.29,78.08%,08/11/17
CSCO,31.47,Call,33,09/01/17,20,0.14,0.18,0.22,0.17,1213,286,4.24,23.43%,08/11/17
SNAP,11.83,Call,12,08/11/17,1,0.00,0.02,0.02,0.01,4073,965,4.22,0.00%,08/11/17
XOM,78.21,Call,79,08/11/17,1,0.00,0.01,0.01,0.02,1658,398,4.17,0.00%,08/11/17
GOOGL,930.09,Call,930,08/11/17,1,0.20,0.55,0.90,0.45,1071,258,4.15,0.00%,08/11/17
CEQP,25.1,Call,22.5,08/18/17,6,2.40,2.68,2.95,4,700,169,4.14,67.71%,08/11/17
CHTR,394.49,Call,410,09/15/17,34,7.50,8.65,9.80,8.5,1225,296,4.14,31.16%,08/11/17
AMZN,967.99,Call,967.5,08/18/17,6,11.25,11.53,11.80,11.5,553,135,4.1,24.81%,08/11/17
AES,11.1,Put,10,08/18/17,6,0.00,0.1,0.10,0.05,1000,245,4.08,73.80%,08/11/17
TSLA,357.87,Call,360,08/11/17,1,0.00,0.01,0.01,0.01,16805,4127,4.07,0.00%,08/11/17
BABA,151.7,Put,135,09/01/17,20,1.05,1.13,1.20,1.12,844,208,4.06,47.80%,08/11/17
IVZ,33.99,Put,30,01/19/18,160,0.75,0.83,0.90,0.85,565,140,4.04,27.77%,08/11/17
JCP,3.93,Call,4,08/18/17,6,0.12,0.13,0.14,0.12,7263,1801,4.03,87.75%,08/11/17
CMG,326.41,Call,325,08/11/17,1,1.10,1.95,2.80,0.9,802,200,4.01,0.00%,08/11/17
SWKS,103.18,Put,95,09/15/17,34,1.05,1.1,1.15,1.15,1011,252,4.01,33.06%,08/11/17
JPM,91.42,Call,92,08/11/17,1,0.00,0.01,0.01,0.01,2483,621,4,0.00%,08/11/17
WPM,19.04,Call,19.5,08/18/17,6,0.12,0.15,0.17,0.17,808,204,3.96,35.96%,08/11/17
KN,14.71,Put,15,08/18/17,6,0.40,0.45,0.50,0.55,780,199,3.92,40.82%,08/11/17
GOOG,914.39,Put,907.5,08/11/17,1,0.00,0.05,0.05,0.05,625,160,3.91,0.00%,08/11/17
APRN,5.12,Call,5.5,08/18/17,6,0.05,0.08,0.10,0.05,694,178,3.9,86.00%,08/11/17
BIDU,223.49,Put,220,08/11/17,1,0.00,0.01,0.01,0.03,3977,1025,3.88,0.00%,08/11/17
SLM,10.33,Call,11,10/20/17,69,0.29,0.35,0.41,0.31,546,141,3.87,33.91%,08/11/17
NEM,36.53,Call,42,12/15/17,125,0.78,0.83,0.87,0.81,1096,285,3.85,29.47%,08/11/17
PCLN,1854.17,Call,1870,08/11/17,1,0.00,0.05,0.05,0.04,953,248,3.84,0.00%,08/11/17
JD,45.9,Call,42,01/19/18,160,6.65,6.93,7.20,7.06,4506,1173,3.84,39.95%,08/11/17
QEP,7.3,Put,20,01/19/18,160,12.60,12.7,12.80,6.6,3000,784,3.83,83.61%,08/11/17
SNE,39,Put,36,08/18/17,6,0.00,0.05,0.05,0.05,787,206,3.82,38.39%,08/11/17
GOOG,914.39,Call,915,08/18/17,6,8.00,8.3,8.60,8.26,586,154,3.81,20.00%,08/11/17
NVDA,155.96,Put,147,08/18/17,6,0.72,0.8,0.88,0.77,853,224,3.81,51.87%,08/11/17
AAP,107.34,Put,90,08/18/17,6,0.10,0.25,0.40,0.33,1023,270,3.79,94.04%,08/11/17
BABA,151.7,Call,147,08/11/17,1,4.35,4.7,5.05,4.65,1314,347,3.79,0.00%,08/11/17
CAA,35.14,Call,40,08/18/17,6,0.00,0.05,0.05,0.05,1000,264,3.79,57.03%,08/11/17
AMZN,967.99,Call,975,08/11/17,1,0.00,0.01,0.01,0.01,3756,997,3.77,0.00%,08/11/17
DHI,36.09,Call,36.5,08/18/17,6,0.20,0.22,0.23,0.22,906,241,3.76,22.66%,08/11/17
JCP,3.93,Put,4,08/11/17,1,0.06,0.1,0.13,0.07,27920,7473,3.74,0.00%,08/11/17
NVDA,155.96,Call,157.5,09/01/17,20,5.45,5.55,5.65,5.7,503,135,3.73,43.85%,08/11/17
SNAP,11.83,Put,12,08/11/17,1,0.17,0.18,0.18,0.18,19028,5119,3.72,0.00%,08/11/17
JCP,3.93,Call,4.5,08/18/17,6,0.01,0.02,0.03,0.02,1992,535,3.72,89.03%,08/11/17
AMZN,967.99,Put,967.5,08/11/17,1,0.05,0.15,0.25,0.05,3543,953,3.72,0.00%,08/11/17
TSLA,357.87,Put,355,08/11/17,1,0.02,0.03,0.03,0.04,11218,3014,3.72,0.00%,08/11/17
ASGN,46.68,Put,55,08/18/17,6,7.80,8.35,8.90,6.15,505,136,3.71,70.74%,08/11/17
C,66.8,Call,67,08/11/17,1,0.00,0.03,0.03,0.02,2169,587,3.7,0.00%,08/11/17
OXY,61.13,Call,67.5,06/15/18,307,1.70,1.83,1.96,1.9,750,204,3.68,17.53%,08/11/17
PNC,128.05,Call,65,01/19/18,160,61.00,62.88,64.75,62.1,1165,317,3.68,0.00%,08/11/17
AMZN,967.99,Put,962.5,08/11/17,1,0.01,0.02,0.02,0.02,2796,765,3.65,0.00%,08/11/17
NVDA,155.96,Call,150,08/11/17,1,5.75,5.93,6.10,5.97,1738,483,3.6,0.00%,08/11/17
ADSK,108.01,Call,120,01/19/18,160,5.70,5.95,6.20,6.1,1001,279,3.59,35.91%,08/11/17
INTC,35.87,Call,34,11/17/17,97,2.62,2.67,2.71,2.66,759,212,3.58,20.79%,08/11/17
FB,168.08,Put,190,08/25/17,13,21.75,21.98,22.20,17.1,501,140,3.58,35.06%,08/11/17
STX,32.29,Call,34,09/08/17,27,0.46,0.51,0.56,0.45,518,145,3.57,33.00%,08/11/17
AMZN,967.99,Call,990,08/25/17,13,6.70,7.35,8.00,7.35,787,221,3.56,22.45%,08/11/17
KEY,17.52,Call,19.5,08/25/17,13,0.00,0.02,0.02,0.03,879,248,3.54,30.28%,08/11/17
YPF,20.11,Call,20,08/18/17,6,0.30,0.4,0.50,0.4,631,178,3.54,36.38%,08/11/17
VUZI,6.25,Put,7.5,09/15/17,34,1.35,1.7,2.05,2.15,882,250,3.53,116.42%,08/11/17
AMZN,967.99,Put,965,08/11/17,1,0.01,0.03,0.05,0.01,5286,1499,3.53,0.00%,08/11/17
MSFT,72.5,Put,70.5,09/01/17,20,0.61,0.66,0.71,0.64,561,160,3.51,22.41%,08/11/17
NFLX,171.4,Call,172.5,08/11/17,1,0.00,0.01,0.01,0.01,7759,2228,3.48,0.00%,08/11/17
VIAB,30.66,Call,35,01/19/18,160,1.05,1.13,1.20,1.09,4019,1163,3.46,31.65%,08/11/17
M,20.62,Put,20.5,08/18/17,6,0.32,0.34,0.36,0.35,1429,413,3.46,41.51%,08/11/17
TSLA,357.87,Put,357.5,08/11/17,1,0.12,0.18,0.24,0.12,6940,2004,3.46,0.00%,08/11/17
TSLA,357.87,Call,355,08/11/17,1,2.65,3,3.35,2.8,5062,1473,3.44,0.00%,08/11/17
AMZN,967.99,Call,955,08/11/17,1,12.65,13.13,13.60,13,917,268,3.42,0.00%,08/11/17
JD,45.9,Put,43,08/18/17,6,0.77,0.84,0.91,0.83,2256,660,3.42,94.51%,08/11/17
AAPL,157.48,Call,157.5,08/11/17,1,0.02,0.03,0.03,0.02,53345,15694,3.4,0.00%,08/11/17
MS,45.65,Put,44.5,08/18/17,6,0.22,0.23,0.24,0.23,3018,887,3.4,30.95%,08/11/17
AMZN,967.99,Call,957.5,08/11/17,1,9.80,10.4,11.00,10.81,936,278,3.37,0.00%,08/11/17
JD,45.9,Call,46,09/15/17,34,2.50,2.93,3.35,2.55,9121,2725,3.35,53.67%,08/11/17
MTRN,37.7,Call,40,08/18/17,6,0.00,0.5,0.50,0.2,505,151,3.34,55.60%,08/11/17
TGH,15.65,Put,15,08/18/17,6,0.15,0.3,0.45,0.3,2039,611,3.34,79.34%,08/11/17
NVDA,155.96,Put,152.5,08/11/17,1,0.01,0.02,0.03,0.01,11443,3439,3.33,0.00%,08/11/17
AMTD,43.82,Call,33,08/18/17,6,10.70,10.85,11.00,12.7,700,211,3.32,111.11%,08/11/17
JPM,91.42,Call,91.5,08/11/17,1,0.00,0.04,0.04,0.03,2493,751,3.32,0.00%,08/11/17
GS,224.15,Call,225,08/11/17,1,0.00,0.01,0.01,0.01,2097,636,3.3,0.00%,08/11/17
CBS,66.71,Put,80,09/15/17,34,13.25,13.45,13.65,13.38,629,193,3.26,39.20%,08/11/17
TWTR,15.92,Call,16.5,09/01/17,20,0.32,0.33,0.33,0.33,557,173,3.22,38.34%,08/11/17
JCP,3.93,Call,4.5,09/01/17,20,0.01,0.05,0.08,0.07,683,212,3.22,58.17%,08/11/17
NTES,280.96,Put,275,08/11/17,1,0.00,0.05,0.05,0.1,768,239,3.21,0.00%,08/11/17
AAL,48.35,Call,47,08/11/17,1,1.30,1.37,1.44,1.16,593,186,3.19,0.00%,08/11/17
INTC,35.87,Put,35,11/17/17,97,1.15,1.17,1.19,1.16,2751,866,3.18,22.19%,08/11/17
YELP,42.03,Call,42,09/15/17,34,1.94,2,2.05,1.99,791,250,3.16,38.94%,08/11/17
DIS,101.99,Call,101,08/11/17,1,0.93,1.01,1.08,0.99,1082,342,3.16,0.00%,08/11/17
GS,224.15,Call,222.5,08/11/17,1,1.56,1.86,2.16,1.9,918,292,3.14,0.00%,08/11/17
JCP,3.93,Call,3,08/18/17,6,0.89,0.93,0.96,0.89,541,173,3.13,0.00%,08/11/17
KR,23.49,Call,23.5,08/18/17,6,0.35,0.4,0.45,0.4,770,247,3.12,36.77%,08/11/17
BOFI,27.18,Call,12.5,01/19/18,160,14.40,14.65,14.90,9.7,1045,337,3.1,0.00%,08/11/17
GNE,5.9,Put,10,08/18/17,6,4.00,4.25,4.50,3.49,809,262,3.09,354.17%,08/11/17
CBS,66.71,Call,67.5,09/15/17,34,1.33,1.55,1.76,1.51,8079,2622,3.08,23.46%,08/11/17
KEM,19.45,Call,9,09/15/17,34,10.30,10.65,11.00,7.4,2410,782,3.08,170.48%,08/11/17
TWTR,15.92,Call,17,08/25/17,13,0.12,0.14,0.15,0.14,1616,524,3.08,41.90%,08/11/17
KSS,38.64,Call,37,08/11/17,1,1.55,1.7,1.85,1.7,1092,354,3.08,0.00%,08/11/17
AMZN,967.99,Call,950,08/11/17,1,17.95,18.28,18.60,18.07,515,167,3.08,0.00%,08/11/17
SPNC,38.45,Call,35,08/18/17,6,3.40,4.7,6.00,3.57,1225,400,3.06,152.99%,08/11/17
T,38.1,Put,39,11/17/17,97,1.99,2.03,2.07,2.01,1551,510,3.04,20.33%,08/11/17
SCCO,38.38,Put,27,12/15/17,125,0.10,0.15,0.20,0.45,573,189,3.03,37.33%,08/11/17
NVDA,155.96,Call,150,11/17/17,97,17.80,18,18.20,17.95,555,184,3.02,46.83%,08/11/17
PCLN,1854.17,Put,1855,08/11/17,1,0.25,0.93,1.60,1.01,541,179,3.02,0.00%,08/11/17
MCD,157.3,Put,157.5,08/11/17,1,0.07,0.14,0.21,0.2,5335,1765,3.02,0.00%,08/11/17
MRO,12.12,Call,12,08/11/17,1,0.10,0.12,0.13,0.1,2059,682,3.02,0.00%,08/11/17
AMZN,967.99,Put,947.5,08/11/17,1,0.00,0.01,0.01,0.01,1136,376,3.02,0.00%,08/11/17
GS,224.15,Put,222.5,08/11/17,1,0.00,0.03,0.03,0.02,2894,963,3.01,0.00%,08/11/17
TSLA,357.87,Put,357.5,08/18/17,6,6.65,6.83,7.00,6.79,1277,426,3,42.12%,08/11/17
GOOG,914.39,Call,917.5,08/11/17,1,0.00,0.1,0.10,0.05,555,185,3,0.00%,08/11/17
ABB,22.83,Call,24,12/15/17,125,0.45,0.5,0.55,0.4,1563,521,3,17.42%,08/11/17
CSCO,31.47,Put,27,09/08/17,27,0.02,0.05,0.08,0.06,1500,500,3,34.16%,08/11/17
JD,45.9,Put,45.5,08/18/17,6,1.72,1.79,1.85,1.85,2087,698,2.99,92.91%,08/11/17
WFT,3.95,Put,10,01/19/18,160,3.70,5.7,7.70,6.07,807,273,2.96,0.00%,08/11/17
JPM,91.42,Put,91.5,08/11/17,1,0.05,0.08,0.10,0.07,2305,778,2.96,0.00%,08/11/17
C,66.8,Call,25,01/19/18,160,40.00,41.9,43.80,43.35,900,306,2.94,0.00%,08/11/17
BLDR,16.34,Call,14,09/15/17,34,2.35,2.48,2.60,2.7,1000,342,2.92,44.47%,08/11/17
NVDA,155.96,Put,155,08/11/17,1,0.01,0.02,0.02,0.02,23000,7910,2.91,0.00%,08/11/17
NVDA,155.96,Call,162.5,08/18/17,6,1.35,1.44,1.52,1.45,3345,1154,2.9,51.76%,08/11/17
CRM,88.29,Put,77.5,09/15/17,34,0.34,0.54,0.73,0.44,990,344,2.88,36.96%,08/11/17
NVDA,155.96,Put,95,10/20/17,69,0.13,0.17,0.21,0.18,555,193,2.88,54.21%,08/11/17
SNAP,11.83,Put,11.5,09/01/17,20,0.50,0.64,0.77,0.6,698,243,2.87,74.68%,08/11/17
GOOG,914.39,Call,910,08/11/17,1,3.40,4.5,5.60,4.5,611,214,2.86,0.00%,08/11/17
TWLO,31.38,Call,30.5,08/11/17,1,0.87,0.93,0.99,1.21,1879,659,2.85,0.00%,08/11/17
AAP,107.34,Put,105,08/18/17,6,2.95,3.38,3.80,3.67,3848,1351,2.85,89.89%,08/11/17
BP,34.94,Call,35,08/25/17,13,0.37,0.43,0.48,1.6,2892,1016,2.85,17.74%,08/11/17
EDAP,2.7,Call,3,02/16/18,188,0.15,0.33,0.50,0.7,600,211,2.84,56.25%,08/11/17
MVO,4.98,Call,5,11/17/17,97,0.10,0.25,0.40,0.85,900,317,2.84,24.86%,08/11/17
OKE,52.41,Put,53,08/11/17,1,0.45,0.68,0.90,0.5,1254,443,2.83,0.00%,08/11/17
DDS,58.01,Call,57.5,08/18/17,6,1.90,2.1,2.30,2,4650,1644,2.83,67.86%,08/11/17
URBN,17.76,Put,17,08/18/17,6,0.60,0.65,0.70,0.7,4974,1773,2.81,121.45%,08/11/17
XLNX,62.42,Call,62.5,08/18/17,6,0.79,0.83,0.87,0.99,876,312,2.81,29.67%,08/11/17
TSLA,357.87,Call,362.5,08/11/17,1,0.00,0.03,0.03,0.01,4738,1694,2.8,0.00%,08/11/17
PXD,134.02,Call,135,12/15/17,125,10.30,10.55,10.80,10.8,1109,398,2.79,34.67%,08/11/17
EROS,7.25,Call,7.5,08/18/17,6,0.15,0.2,0.25,0.19,1831,659,2.78,89.68%,08/11/17
FE,32.17,Call,29,08/18/17,6,3.10,3.25,3.40,3.3,1523,551,2.76,62.04%,08/11/17
KO,45.59,Call,46,09/01/17,20,0.24,0.32,0.39,0.31,1005,366,2.75,11.61%,08/11/17
M,20.62,Put,21,09/15/17,34,1.18,1.22,1.25,1.24,4385,1595,2.75,41.09%,08/11/17
FEYE,14.01,Call,16,02/16/18,188,0.95,1.04,1.12,1,1969,718,2.74,43.12%,08/11/17
PHH,14.02,Put,14,08/18/17,6,0.10,0.13,0.15,0.1,512,187,2.74,20.75%,08/11/17
DRI,83.34,Put,77.5,09/15/17,34,0.50,0.58,0.65,0.67,507,186,2.73,25.85%,08/11/17
XOM,78.21,Call,80.5,08/25/17,13,0.08,0.12,0.16,0.1,602,221,2.72,13.61%,08/11/17
AMZN,967.99,Put,955,08/11/17,1,0.00,0.03,0.03,0.01,3314,1221,2.71,0.00%,08/11/17
AAPL,157.48,Call,230,04/20/18,251,0.50,0.59,0.68,0.53,768,284,2.7,25.22%,08/11/17
EFII,31.81,Call,30,09/15/17,34,2.50,3.1,3.70,3.1,527,195,2.7,55.45%,08/11/17
BIDU,223.49,Call,222.5,08/11/17,1,0.71,0.98,1.25,1.11,914,340,2.69,0.00%,08/11/17
VUZI,6.25,Call,7.5,09/15/17,34,0.00,0.2,0.20,0.1,905,341,2.65,59.69%,08/11/17
CALA,13.9,Call,15,08/18/17,6,0.20,0.33,0.45,0.3,538,205,2.62,111.22%,08/11/17
NFLX,171.4,Put,170,08/11/17,1,0.00,0.02,0.02,0.01,8220,3152,2.61,0.00%,08/11/17
THC,14.05,Put,10,02/16/18,188,0.75,0.85,0.95,0.85,5008,1917,2.61,70.11%,08/11/17
PRU,105.69,Put,97.5,09/15/17,34,0.62,0.72,0.82,0.79,829,319,2.6,27.54%,08/11/17
NVDA,155.96,Call,162.5,08/11/17,1,0.00,0.01,0.01,0.01,4175,1608,2.6,0.00%,08/11/17
NVDA,155.96,Put,157.5,08/11/17,1,1.42,1.61,1.80,1.5,7856,3027,2.6,0.00%,08/11/17
NVDA,155.96,Call,165,09/15/17,34,4.35,4.4,4.45,4.4,10138,3907,2.59,42.02%,08/11/17
T,38.1,Put,43,08/18/17,6,4.80,4.88,4.95,4,9500,3665,2.59,0.00%,08/11/17
AMZN,967.99,Put,957.5,08/11/17,1,0.00,0.05,0.05,0.15,1932,746,2.59,0.00%,08/11/17
ADBE,146.47,Call,160,01/19/18,160,4.85,4.98,5.10,5.1,1527,592,2.58,25.19%,08/11/17
FLR,39.07,Put,35,09/15/17,34,0.20,0.25,0.30,0.2,2090,814,2.57,33.31%,08/11/17
MYL,30.88,Call,31.5,08/11/17,1,0.00,0.06,0.06,0.02,1304,512,2.55,0.00%,08/11/17
XOM,78.21,Call,79,08/25/17,13,0.44,0.49,0.53,0.46,941,371,2.54,14.25%,08/11/17
DOW,63.26,Call,30,01/19/18,160,31.65,33.58,35.50,36.13,2040,807,2.53,59.62%,08/11/17
AMT,136.68,Put,50,01/19/18,160,0.00,0.15,0.15,0.1,753,298,2.53,62.16%,08/11/17
AAPL,157.48,Call,155,08/11/17,1,2.38,2.47,2.55,2.49,12629,5031,2.51,0.00%,08/11/17
NVDA,155.96,Put,135,10/20/17,69,3.20,3.28,3.35,3.25,3212,1286,2.5,42.88%,08/11/17
CLR,34.54,Put,30.5,08/18/17,6,0.00,0.1,0.10,0.18,1500,600,2.5,64.35%,08/11/17
GOOGL,930.09,Put,930,08/11/17,1,0.00,0.5,0.50,0.25,857,346,2.48,0.00%,08/11/17
NVDA,155.96,Call,155,08/18/17,6,4.05,4.13,4.20,4.2,11361,4577,2.48,49.78%,08/11/17
HIMX,8.16,Put,9,08/11/17,1,0.75,0.83,0.90,0.45,1015,411,2.47,0.00%,08/11/17
CSCO,31.47,Put,29,09/15/17,34,0.15,0.19,0.22,0.21,3144,1288,2.44,26.43%,08/11/17
BAC,23.86,Call,25,09/08/17,27,0.18,0.19,0.19,0.17,4240,1748,2.43,22.38%,08/11/17
ADM,41.26,Put,42,09/15/17,34,1.49,1.53,1.57,1.52,2165,895,2.42,22.95%,08/11/17
GOOG,914.39,Call,915,08/11/17,1,0.00,0.25,0.25,0.05,756,314,2.41,0.00%,08/11/17
GOOGL,930.09,Put,927.5,08/11/17,1,0.00,0.1,0.10,0.05,568,236,2.41,0.00%,08/11/17
BABA,151.7,Call,152.5,08/11/17,1,0.00,0.01,0.01,0.01,13039,5404,2.41,0.00%,08/11/17
GOOG,914.39,Put,915,08/11/17,1,0.15,0.7,1.25,1.1,1130,470,2.4,0.00%,08/11/17
CVX,109.23,Put,113,08/11/17,1,3.65,3.78,3.90,2.11,637,267,2.39,0.00%,08/11/17
PBI,12.68,Put,14,09/15/17,34,1.45,1.53,1.60,1.1,1450,606,2.39,42.64%,08/11/17
AMD,12.23,Call,12,09/22/17,41,1.03,1.07,1.11,1.02,519,218,2.38,59.09%,08/11/17
MRVL,15.39,Call,16,08/25/17,13,0.30,0.33,0.35,0.35,1062,448,2.37,50.92%,08/11/17
LEN,53.25,Put,23,01/18/19,524,0.35,0.47,0.59,0.6,1300,548,2.37,45.68%,08/11/17
NEM,36.53,Put,36,08/18/17,6,0.24,0.27,0.29,0.26,7490,3164,2.37,26.25%,08/11/17
BIDU,223.49,Put,215,08/11/17,1,0.00,0.01,0.01,0.02,1906,807,2.36,0.00%,08/11/17
TEVA,17.3,Call,17,08/18/17,6,0.68,0.72,0.75,0.68,1276,543,2.35,68.79%,08/11/17
SNAP,11.83,Put,11.5,08/18/17,6,0.28,0.32,0.35,0.33,4150,1772,2.34,84.87%,08/11/17
DDD,12.76,Put,16.5,08/18/17,6,3.70,3.78,3.85,3.1,666,285,2.34,127.37%,08/11/17
PG,91.34,Put,90,09/15/17,34,0.86,0.9,0.94,0.89,3575,1531,2.34,13.85%,08/11/17
ATVI,60.74,Put,53.5,08/18/17,6,0.01,0.03,0.04,0.01,600,257,2.33,52.58%,08/11/17
X,23.16,Put,23.5,08/18/17,6,0.77,0.78,0.79,0.76,2696,1159,2.33,54.78%,08/11/17
RIO,44.61,Call,37.5,08/18/17,6,7.00,7.15,7.30,9.8,782,337,2.32,75.95%,08/11/17
AAPL,157.48,Call,141,08/11/17,1,15.90,16.33,16.75,19.65,990,428,2.31,0.00%,08/11/17
PEP,116.51,Call,120,08/18/17,6,0.06,0.07,0.07,0.09,2870,1248,2.3,16.57%,08/11/17
AMZN,967.99,Put,952.5,08/11/17,1,0.00,0.07,0.07,0.02,1170,508,2.3,0.00%,08/11/17
GE,25.2,Call,25,08/11/17,1,0.18,0.2,0.21,0.22,997,437,2.28,0.00%,08/11/17
PCLN,1854.17,Put,1840,08/11/17,1,0.00,0.1,0.10,0.05,620,272,2.28,0.00%,08/11/17
XOM,78.21,Call,77.5,09/15/17,34,1.76,1.81,1.85,1.85,1047,463,2.26,14.78%,08/11/17
SNAP,11.83,Call,12.5,08/11/17,1,0.00,0.01,0.01,0.01,7496,3323,2.26,0.00%,08/11/17
GOOG,914.39,Put,905,08/11/17,1,0.00,0.05,0.05,0.05,626,277,2.26,0.00%,08/11/17
NUAN,16.15,Call,20,10/20/17,69,0.00,0.1,0.10,0.05,900,398,2.26,30.07%,08/11/17
ACXM,22.97,Call,22.5,11/17/17,97,1.65,1.8,1.95,4.81,710,315,2.25,32.77%,08/11/17
AMD,12.23,Put,11.5,08/25/17,13,0.25,0.26,0.27,0.25,2618,1164,2.25,64.26%,08/11/17
PEGA,53.03,Put,60,08/18/17,6,6.10,7.25,8.40,7.57,1094,489,2.24,84.16%,08/11/17
RHT,98.34,Call,110,09/15/17,34,0.25,0.33,0.40,0.25,1478,660,2.24,26.87%,08/11/17
EROS,7.25,Call,7.5,09/15/17,34,0.50,0.55,0.60,0.6,3866,1727,2.24,75.31%,08/11/17
BABA,151.7,Call,150,08/11/17,1,1.53,1.71,1.89,1.7,7444,3320,2.24,0.00%,08/11/17
LLNW,3.61,Put,2,09/15/17,34,0.00,0.05,0.05,0.05,2000,891,2.24,125.38%,08/11/17
AA,37.78,Call,41,08/11/17,1,0.00,0.05,0.05,0.15,534,239,2.23,0.00%,08/11/17
RDUS,35.54,Call,40,01/19/18,160,3.90,3.95,4.00,4,3582,1608,2.23,59.34%,08/11/17
SA,11.3,Put,16,11/17/17,97,4.90,5.1,5.30,6.15,1193,536,2.23,70.87%,08/11/17
DVA,56.55,Call,67.5,09/15/17,34,0.00,0.05,0.05,0.08,1560,702,2.22,26.75%,08/11/17
PCLN,1854.17,Put,1850,08/11/17,1,0.00,0.25,0.25,0.05,1360,617,2.2,0.00%,08/11/17
AMD,12.23,Call,12,09/01/17,20,0.77,0.79,0.81,0.75,713,324,2.2,60.39%,08/11/17
DE,126.7,Call,128,08/18/17,6,2.60,2.68,2.76,2.76,638,293,2.18,55.20%,08/11/17
NVDA,155.96,Put,152.5,08/25/17,13,3.50,3.58,3.65,3.65,1622,743,2.18,46.10%,08/11/17
JPM,91.42,Call,92.5,08/11/17,1,0.00,0.01,0.01,0.01,1853,855,2.17,0.00%,08/11/17
GS,224.15,Put,220,08/11/17,1,0.00,0.04,0.04,0.02,1023,474,2.16,0.00%,08/11/17
AMZN,967.99,Put,970,08/11/17,1,0.18,1.09,2.00,1.71,4495,2079,2.16,0.00%,08/11/17
BABA,151.7,Put,150,08/11/17,1,0.01,0.02,0.02,0.01,12524,5799,2.16,0.00%,08/11/17
OXY,61.13,Put,55,06/15/18,307,3.05,3.18,3.30,3.2,766,357,2.15,28.01%,08/11/17
DKS,34,Call,37,08/18/17,6,0.75,0.88,1.00,0.8,2009,935,2.15,122.70%,08/11/17
JPM,91.42,Put,91,08/11/17,1,0.00,0.02,0.02,0.01,838,390,2.15,0.00%,08/11/17
XOM,78.21,Call,79,08/18/17,6,0.22,0.25,0.28,0.26,571,265,2.15,15.11%,08/11/17
CF,30.51,Call,33.5,08/18/17,6,0.03,0.04,0.05,0.05,510,238,2.14,49.03%,08/11/17
NVDA,155.96,Call,160,09/01/17,20,4.20,4.43,4.65,4.5,512,240,2.13,43.17%,08/11/17
AAPL,157.48,Put,155,08/11/17,1,0.00,0.01,0.01,0.03,24573,11556,2.13,0.00%,08/11/17
MSCC,49.26,Put,40,09/15/17,34,0.00,0.7,0.70,0.19,750,353,2.12,54.62%,08/11/17
CBI,11.8,Call,12,08/18/17,6,0.40,0.48,0.55,0.45,1137,539,2.11,102.42%,08/11/17
SNAP,11.83,Call,12.5,08/25/17,13,0.30,0.42,0.54,0.39,549,260,2.11,80.03%,08/11/17
JCP,3.93,Put,3.5,08/11/17,1,0.00,0.01,0.01,0.01,701,332,2.11,0.00%,08/11/17
JD,45.9,Call,49,08/18/17,6,0.75,0.82,0.89,0.79,3903,1846,2.11,90.22%,08/11/17
SCHW,40.65,Call,38,09/15/17,34,3.00,3.1,3.20,4.95,2874,1362,2.11,28.76%,08/11/17
CMG,326.41,Call,327.5,08/11/17,1,0.00,0.05,0.05,0.04,685,325,2.11,0.00%,08/11/17
JPM,91.42,Call,91.5,08/18/17,6,0.83,0.85,0.86,0.84,1175,558,2.11,20.57%,08/11/17
BIDU,223.49,Put,222.5,08/11/17,1,0.00,0.02,0.02,0.01,1006,481,2.09,0.00%,08/11/17
NVDA,155.96,Put,152.5,08/18/17,6,2.09,2.12,2.15,2.14,2257,1081,2.09,49.94%,08/11/17
AMAT,43.08,Call,43,08/11/17,1,0.06,0.13,0.19,0.07,838,402,2.08,0.00%,08/11/17
CNDT,16.75,Call,17.5,01/19/18,160,1.00,1.15,1.30,1.3,1515,727,2.08,32.56%,08/11/17
MDXG,14.96,Call,17.5,09/15/17,34,0.30,0.4,0.50,0.4,4678,2259,2.07,66.38%,08/11/17
TEVA,17.3,Put,29.5,08/18/17,6,10.20,12.08,13.95,4.2,1934,942,2.05,0.00%,08/11/17
AMZN,967.99,Call,982.5,08/11/17,1,0.00,0.09,0.09,0.01,1060,519,2.04,0.00%,08/11/17
NVDA,155.96,Put,85,10/20/17,69,0.05,0.09,0.12,0.06,711,351,2.03,59.32%,08/11/17
GOOG,914.39,Put,910,08/11/17,1,0.00,0.15,0.15,0.05,717,354,2.03,0.00%,08/11/17
TGTX,11.35,Call,11,09/15/17,34,1.05,1.1,1.15,1.05,551,271,2.03,67.94%,08/11/17
NVDA,155.96,Call,155,11/17/17,97,15.25,15.43,15.60,15.28,538,267,2.01,46.47%,08/11/17
HOLX,38.2,Put,45,09/15/17,34,6.60,6.75,6.90,5.92,1557,775,2.01,0.00%,08/11/17
SBUX,53.18,Call,53.5,08/18/17,6,0.27,0.3,0.33,0.35,994,495,2.01,17.62%,08/11/17
ATHM,61.52,Call,60,08/18/17,6,2.40,2.53,2.65,2.45,516,257,2.01,58.16%,08/11/17
MDCO,37.4,Call,30,09/15/17,34,6.90,7.65,8.40,7,1000,500,2,54.45%,08/11/17
BCRX,4.53,Call,5,09/15/17,34,0.25,0.28,0.31,0.3,1603,800,2,83.78%,08/11/17
PFS,24.44,Put,25,09/15/17,34,0.40,0.98,1.55,0.5,2000,1000,2,22.70%,08/11/17
DOW,63.26,Put,61.5,09/22/17,41,0.85,1.03,1.20,0.7,2638,1319,2,21.78%,08/11/17
EBAY,35.05,Put,43,09/15/17,34,7.75,8.5,9.25,8,2000,1002,2,65.27%,08/11/17
C,66.8,Put,67,08/11/17,1,0.20,0.22,0.24,0.24,4057,2024,2,0.00%,08/11/17
NVDA,155.96,Call,180,09/01/17,20,0.56,0.7,0.83,0.73,4695,2358,1.99,45.89%,08/11/17
ODP,4.27,Put,4,10/20/17,69,0.18,0.2,0.22,0.2,2615,1314,1.99,45.04%,08/11/17
GTN,14.7,Put,15,08/18/17,6,0.45,0.53,0.60,1.2,1000,503,1.99,51.42%,08/11/17
POST,84.46,Call,80,09/15/17,34,5.20,5.45,5.70,7.6,753,378,1.99,26.11%,08/11/17
MDT,83.71,Put,75,08/18/17,6,0.01,0.03,0.05,0.03,1230,617,1.99,45.50%,08/11/17
WDC,79.9,Put,72.5,10/20/17,69,2.19,2.35,2.51,2.28,1125,567,1.98,40.40%,08/11/17
TEVA,17.3,Call,17.5,08/11/17,1,0.01,0.02,0.02,0.01,2141,1085,1.97,0.00%,08/11/17
AMZN,967.99,Call,977.5,08/11/17,1,0.00,0.06,0.06,0.01,751,381,1.97,0.00%,08/11/17
MDCO,37.4,Call,30,08/18/17,6,6.50,7.4,8.30,6.5,1000,511,1.96,0.00%,08/11/17
KSS,38.64,Put,42,08/11/17,1,3.10,3.3,3.50,3.4,669,341,1.96,0.00%,08/11/17
SNAP,11.83,Call,13,09/15/17,34,0.49,0.52,0.54,0.48,2839,1451,1.96,66.53%,08/11/17
SPG,157.89,Call,165,10/20/17,69,2.41,2.58,2.75,2.46,709,361,1.96,19.09%,08/11/17
BTU,28.25,Put,25,10/20/17,69,0.45,0.55,0.65,0.4,2500,1273,1.96,37.60%,08/11/17
BABA,151.7,Put,149,08/11/17,1,0.01,0.02,0.02,0.02,4333,2210,1.96,0.00%,08/11/17
VZ,48.06,Call,75,01/19/18,160,0.00,0.02,0.02,0.02,20000,10231,1.95,24.64%,08/11/17
JD,45.9,Call,46,08/11/17,1,0.00,0.05,0.05,0.02,1157,592,1.95,0.00%,08/11/17
PCLN,1854.17,Put,1860,08/11/17,1,3.50,5,6.50,5,601,310,1.94,0.00%,08/11/17
NFLX,171.4,Call,170,08/11/17,1,1.20,1.4,1.60,1.31,6750,3478,1.94,0.00%,08/11/17
SU,32.41,Put,32,08/18/17,6,0.18,0.21,0.23,0.21,1050,541,1.94,25.04%,08/11/17
HD,154.88,Put,155,08/11/17,1,0.05,0.17,0.29,0.08,1828,947,1.93,0.00%,08/11/17
AAPL,157.48,Call,50,08/18/17,6,106.90,107.53,108.15,110.7,960,498,1.93,361.99%,08/11/17
AMD,12.23,Call,12,08/11/17,1,0.21,0.23,0.25,0.21,3120,1629,1.92,0.00%,08/11/17
KR,23.49,Call,24.5,08/25/17,13,0.20,0.35,0.50,0.2,647,339,1.91,43.03%,08/11/17
GS,224.15,Put,225,08/11/17,1,0.66,0.84,1.02,0.75,2192,1150,1.91,0.00%,08/11/17
TACO,12.7,Put,12.5,09/15/17,34,0.30,0.38,0.45,0.35,550,289,1.9,31.34%,08/11/17
ALGN,173.56,Put,155,09/15/17,34,1.05,1.35,1.65,1.37,501,265,1.89,36.15%,08/11/17
TEVA,17.3,Put,16.5,08/18/17,6,0.21,0.26,0.30,0.21,1772,937,1.89,72.06%,08/11/17
COMM,31.93,Put,38,08/18/17,6,5.90,6.1,6.30,5.9,1005,535,1.88,78.22%,08/11/17
CELG,130.61,Call,131,08/11/17,1,0.00,0.05,0.05,0.01,532,284,1.87,0.00%,08/11/17
DIS,101.99,Call,100,08/11/17,1,1.88,1.98,2.08,2,557,298,1.87,0.00%,08/11/17
JD,45.9,Put,46,08/18/17,6,1.97,2.03,2.09,2.07,1757,942,1.87,92.47%,08/11/17
NVDA,155.96,Call,175,09/15/17,34,2.12,2.16,2.20,2.16,8110,4355,1.86,42.66%,08/11/17
YELP,42.03,Put,39.5,08/18/17,6,0.11,0.16,0.21,0.18,512,276,1.86,48.51%,08/11/17
EXPR,6.28,Call,8,12/15/17,125,0.25,0.35,0.45,0.33,2200,1181,1.86,59.13%,08/11/17
MSFT,72.5,Put,72,08/11/17,1,0.00,0.01,0.01,0.01,3684,1993,1.85,0.00%,08/11/17
DDS,58.01,Put,90,08/18/17,6,31.40,32.6,33.80,17.6,5990,3231,1.85,250.77%,08/11/17
NFLX,171.4,Call,172.5,08/18/17,6,2.46,2.54,2.61,2.61,2451,1323,1.85,37.90%,08/11/17
SRCL,71.03,Put,60,01/18/19,524,3.70,4.25,4.80,3.2,800,433,1.85,29.09%,08/11/17
SHOP,91.71,Put,70,09/08/17,27,0.30,0.38,0.45,0.56,814,440,1.85,65.88%,08/11/17
NVDA,155.96,Put,155,10/20/17,69,10.45,10.58,10.70,10.55,2814,1532,1.84,41.89%,08/11/17
SNAP,11.83,Call,14,09/01/17,20,0.13,0.22,0.30,0.18,608,330,1.84,78.44%,08/11/17
FIVE,48.5,Call,43,08/18/17,6,5.40,5.65,5.90,7.2,633,346,1.83,73.54%,08/11/17
CELG,130.61,Put,130,08/11/17,1,0.00,0.13,0.13,0.02,1081,591,1.83,0.00%,08/11/17
DIS,101.99,Call,102,08/11/17,1,0.00,0.04,0.04,0.09,2165,1186,1.83,0.00%,08/11/17
AABA,57.92,Call,60,08/18/17,6,0.51,0.61,0.71,0.58,7081,3859,1.83,51.25%,08/11/17
NKE,58.97,Call,59.5,08/18/17,6,0.33,0.35,0.36,0.38,559,305,1.83,18.73%,08/11/17
AVGO,244.17,Put,237.5,08/18/17,6,1.40,1.53,1.65,1.73,739,407,1.82,35.74%,08/11/17
BAS,16.52,Call,25,10/20/17,69,0.00,0.8,0.80,0.4,1000,550,1.82,80.36%,08/11/17
NLSN,40.79,Put,40,08/18/17,6,0.25,0.38,0.50,0.34,3242,1790,1.81,34.01%,08/11/17
EMES,6.16,Put,12.5,01/19/18,160,6.20,6.4,6.60,5.96,3282,1817,1.81,70.63%,08/11/17
JD,45.9,Call,46.5,08/18/17,6,1.62,1.68,1.73,1.61,1533,849,1.81,90.79%,08/11/17
JD,45.9,Put,42,08/18/17,6,0.52,0.56,0.59,0.59,1713,950,1.8,92.87%,08/11/17
BIDU,223.49,Call,225,08/11/17,1,0.00,0.04,0.04,0.03,2171,1216,1.79,0.00%,08/11/17
GOOGL,930.09,Put,925,08/11/17,1,0.00,0.05,0.05,0.02,912,511,1.78,0.00%,08/11/17
AMD,12.23,Put,6,10/20/17,69,0.00,0.03,0.03,0.05,2000,1126,1.78,76.36%,08/11/17
JPM,91.42,Put,92,08/11/17,1,0.50,0.55,0.60,0.54,1405,789,1.78,0.00%,08/11/17
CBI,11.8,Call,12.5,08/18/17,6,0.20,0.3,0.40,0.3,609,344,1.77,103.02%,08/11/17
YPF,20.11,Call,20,08/11/17,1,0.00,0.2,0.20,0.33,815,461,1.77,0.00%,08/11/17
VALE,9.69,Put,8,12/15/17,125,0.28,0.29,0.30,0.27,6552,3707,1.77,44.08%,08/11/17
TEVA,17.3,Put,19,09/01/17,20,1.76,1.92,2.07,2.05,1079,610,1.77,48.64%,08/11/17
TSLA,357.87,Call,365,08/11/17,1,0.00,0.01,0.01,0.03,6978,3942,1.77,0.00%,08/11/17
NVDA,155.96,Put,155,09/15/17,34,7.25,7.33,7.40,7.35,4144,2355,1.76,42.21%,08/11/17
GLW,28.98,Call,40,01/18/19,524,0.73,0.81,0.89,0.74,2269,1288,1.76,25.19%,08/11/17
FOSL,8.2,Call,10,08/18/17,6,0.00,0.05,0.05,0.05,508,290,1.75,104.99%,08/11/17
ON,15.94,Put,15,10/20/17,69,0.50,0.55,0.60,0.65,2000,1146,1.75,36.02%,08/11/17
AMD,12.23,Call,12.5,08/25/17,13,0.42,0.44,0.46,0.43,1191,682,1.75,62.99%,08/11/17
AAPL,157.48,Put,157.5,08/18/17,6,1.92,1.96,2.00,1.96,11589,6635,1.75,26.67%,08/11/17
AMZN,967.99,Call,980,08/18/17,6,5.90,6.1,6.30,6.1,1508,862,1.75,24.27%,08/11/17
COF,82.8,Put,82.5,09/15/17,34,1.88,1.96,2.03,2.09,1574,902,1.75,21.57%,08/11/17
PAGP,21.09,Put,28,01/19/18,160,7.00,7.45,7.90,3.45,550,316,1.74,44.88%,08/11/17
SNAP,11.83,Put,11.5,08/25/17,13,0.38,0.51,0.63,0.51,1348,773,1.74,78.12%,08/11/17
NVDA,155.96,Call,165,08/11/17,1,0.00,0.01,0.01,0.01,5610,3230,1.74,0.00%,08/11/17
JD,45.9,Put,45,12/15/17,125,3.45,3.8,4.15,3.7,2107,1211,1.74,40.92%,08/11/17
BIDU,223.49,Put,210,10/20/17,69,5.05,5.33,5.60,5.5,775,448,1.73,29.23%,08/11/17
GS,224.15,Call,222.5,08/18/17,6,3.30,3.43,3.55,3.65,645,373,1.73,23.93%,08/11/17
CMG,326.41,Call,330,08/11/17,1,0.00,0.05,0.05,0.02,943,545,1.73,0.00%,08/11/17
ALNY,78.22,Call,90,09/15/17,34,1.30,1.5,1.70,1.5,1000,581,1.72,54.40%,08/11/17
CSIQ,17.2,Put,8,10/20/17,69,0.00,0.1,0.10,0.05,600,349,1.72,93.10%,08/11/17
JD,45.9,Call,47,08/18/17,6,1.41,1.49,1.56,1.45,3657,2128,1.72,91.53%,08/11/17
AMZN,967.99,Call,970,08/18/17,6,9.95,10.23,10.50,10.25,1868,1091,1.71,24.62%,08/11/17
BBT,46.31,Put,44,09/15/17,34,0.31,0.36,0.40,0.38,2001,1175,1.7,21.70%,08/11/17
WMT,80.4,Put,79,08/18/17,6,1.01,1.04,1.07,1.01,2229,1312,1.7,44.36%,08/11/17
AABA,57.92,Call,61,08/18/17,6,0.29,0.39,0.48,0.35,9000,5320,1.69,51.30%,08/11/17
AZN,29.08,Put,33.5,08/11/17,1,4.30,4.4,4.50,4.03,2200,1301,1.69,0.00%,08/11/17
CBI,11.8,Put,10,08/11/17,1,0.00,0.05,0.05,0.04,1367,813,1.68,0.00%,08/11/17
GE,25.2,Call,26,11/17/17,97,0.47,0.51,0.55,0.54,2428,1441,1.68,15.77%,08/11/17
SNAP,11.83,Put,10.5,08/18/17,6,0.08,0.09,0.10,0.09,2780,1663,1.67,95.19%,08/11/17
SNAP,11.83,Call,12,09/15/17,34,0.83,0.92,1.00,0.84,810,485,1.67,69.60%,08/11/17
DIS,101.99,Put,102,08/11/17,1,0.01,0.02,0.03,0.01,2562,1533,1.67,0.00%,08/11/17
THC,14.05,Put,16.5,08/18/17,6,2.35,2.45,2.55,2.99,2155,1289,1.67,55.86%,08/11/17
MYL,30.88,Call,35,09/15/17,34,0.12,0.18,0.24,0.18,5330,3215,1.66,33.88%,08/11/17
ETN,71.48,Call,72.5,10/20/17,69,2.10,2.15,2.20,2.25,715,432,1.66,20.58%,08/11/17
AMTD,43.82,Call,41,08/18/17,6,2.75,2.93,3.10,4.8,4204,2528,1.66,43.85%,08/11/17
FB,168.08,Call,167.5,08/11/17,1,0.52,0.6,0.68,0.54,9237,5561,1.66,0.00%,08/11/17
NVDA,155.96,Call,165,08/25/17,13,1.94,2.07,2.20,2.16,1089,658,1.66,46.71%,08/11/17
CRR,6.76,Put,11,09/15/17,34,4.10,4.25,4.40,4.55,3020,1829,1.65,82.46%,08/11/17
STX,32.29,Call,45,01/18/19,524,1.47,1.67,1.86,1.55,502,304,1.65,32.21%,08/11/17
WTW,47.98,Put,17,01/18/19,524,0.75,0.93,1.10,1,14720,8905,1.65,66.43%,08/11/17
LYV,38.34,Call,42,08/18/17,6,0.05,0.18,0.30,0.2,504,307,1.64,65.29%,08/11/17
AMZN,967.99,Put,950,08/11/17,1,0.00,0.05,0.05,0.03,3163,1930,1.64,0.00%,08/11/17
TSLA,357.87,Call,377.5,08/18/17,6,1.10,1.17,1.23,1.11,1202,738,1.63,40.77%,08/11/17
BBRY,8.78,Call,8.5,08/11/17,1,0.29,0.3,0.30,0.29,878,540,1.63,0.00%,08/11/17
WDC,79.9,Call,80,08/11/17,1,0.00,0.12,0.12,0.01,1461,899,1.63,0.00%,08/11/17
DB,17.05,Call,16,09/15/17,34,1.37,1.4,1.42,1.28,537,330,1.63,37.62%,08/11/17
ZNGA,3.63,Call,2,12/15/17,125,1.58,1.65,1.72,1.56,800,492,1.63,57.52%,08/11/17
C,66.8,Put,67,08/25/17,13,1.14,1.17,1.20,1.19,840,516,1.63,22.30%,08/11/17
LNG,42.59,Put,42,08/18/17,6,0.42,0.45,0.48,0.47,1253,773,1.62,35.88%,08/11/17
NVDA,155.96,Put,150,08/11/17,1,0.00,0.01,0.01,0.01,11586,7145,1.62,0.00%,08/11/17
FCX,13.96,Put,14,08/11/17,1,0.03,0.05,0.07,0.05,2484,1530,1.62,0.00%,08/11/17
BABA,151.7,Call,150,08/25/17,13,6.75,6.85,6.95,6.6,1283,797,1.61,54.41%,08/11/17
CRMD,0.34,Put,5,09/15/17,34,4.40,4.65,4.90,4.5,788,488,1.61,0.00%,08/11/17
VG,8.45,Put,8,08/18/17,6,0.00,0.1,0.10,0.05,700,438,1.6,51.96%,08/11/17
JD,45.9,Put,44,03/16/18,216,3.85,4.4,4.95,4.15,714,446,1.6,39.60%,08/11/17
XOM,78.21,Call,75,08/11/17,1,2.90,3.2,3.50,4.95,800,500,1.6,0.00%,08/11/17
XOM,78.21,Call,76,08/11/17,1,2.07,2.24,2.41,3.95,800,500,1.6,0.00%,08/11/17
MSFT,72.5,Call,71,08/11/17,1,1.48,1.52,1.56,1.58,625,392,1.59,0.00%,08/11/17
V,100.09,Call,99.5,08/18/17,6,1.09,1.14,1.18,1.18,867,547,1.59,17.11%,08/11/17
ILG,25.63,Call,28,12/15/17,125,0.72,0.78,0.83,0.79,1000,628,1.59,26.90%,08/11/17
VZ,48.06,Call,48,08/11/17,1,0.04,0.07,0.09,0.06,1223,769,1.59,0.00%,08/11/17
AABA,57.92,Put,44,10/20/17,69,0.08,0.16,0.24,0.45,1700,1066,1.59,38.21%,08/11/17
CMG,326.41,Put,325,08/11/17,1,0.00,0.05,0.05,0.04,633,399,1.59,0.00%,08/11/17
NVDA,155.96,Call,160,11/17/17,97,12.80,13.1,13.40,13.11,1334,842,1.58,46.07%,08/11/17
DDS,58.01,Put,75,09/15/17,34,17.10,17.55,18.00,16.7,1003,636,1.58,66.64%,08/11/17
LLY,81.15,Put,77.5,01/18/19,524,6.05,6.4,6.75,6.4,800,507,1.58,22.87%,08/11/17
SU,32.41,Call,35,01/19/18,160,0.74,0.84,0.93,0.8,2500,1584,1.58,20.31%,08/11/17
TXN,80.89,Call,65,08/18/17,6,15.70,17.05,18.40,17,526,336,1.57,178.66%,08/11/17
CMCM,10.63,Put,14,08/18/17,6,3.20,3.4,3.60,3.2,1595,1014,1.57,135.17%,08/11/17
GOOGL,930.09,Put,920,08/11/17,1,0.00,0.05,0.05,0.1,807,515,1.57,0.00%,08/11/17
CMCSA,41.11,Call,40.5,09/22/17,41,1.40,1.5,1.59,1.05,2038,1300,1.57,21.13%,08/11/17
REGN,466.59,Call,470,08/11/17,1,0.00,0.15,0.15,0.12,568,365,1.56,0.00%,08/11/17
SHLD,8.88,Put,18,12/15/17,125,10.70,10.9,11.10,11.8,3140,2007,1.56,179.92%,08/11/17
PAA,20.4,Call,25,01/19/18,160,0.30,0.38,0.45,0.25,4108,2644,1.55,30.22%,08/11/17
TEVA,17.3,Call,18,08/18/17,6,0.20,0.23,0.26,0.25,2079,1340,1.55,61.16%,08/11/17
CMG,326.41,Put,320,08/11/17,1,0.00,0.05,0.05,0.03,712,458,1.55,0.00%,08/11/17
SNAP,11.83,Put,11.5,08/11/17,1,0.00,0.01,0.01,0.01,6525,4232,1.54,0.00%,08/11/17
GE,25.2,Call,25,10/20/17,69,0.81,0.82,0.83,0.85,3129,2039,1.53,15.97%,08/11/17
ESPR,49.33,Put,27,12/15/17,125,0.55,0.9,1.25,0.9,7305,4771,1.53,83.83%,08/11/17
NVDA,155.96,Put,160,08/11/17,1,3.95,4.15,4.35,4.1,11925,7769,1.53,0.00%,08/11/17
TSLA,357.87,Put,360,08/11/17,1,1.85,2.25,2.64,2.25,6320,4127,1.53,0.00%,08/11/17
FB,168.08,Call,105,12/15/17,125,63.30,63.8,64.30,59.3,2001,1318,1.52,42.71%,08/11/17
VRX,13.89,Call,14.5,08/18/17,6,0.17,0.18,0.19,0.19,1646,1086,1.52,62.65%,08/11/17
AMZN,967.99,Call,965,08/18/17,6,12.65,12.93,13.20,12.81,769,507,1.52,25.03%,08/11/17
AAPL,157.48,Put,155,08/25/17,13,1.78,1.82,1.86,1.82,2522,1657,1.52,25.78%,08/11/17
VRX,13.89,Call,21,09/15/17,34,0.01,0.03,0.04,0.05,1400,928,1.51,66.76%,08/11/17
INTC,35.87,Call,35.5,08/11/17,1,0.31,0.35,0.39,0.39,518,343,1.51,0.00%,08/11/17
SSP,18.3,Put,20,08/18/17,6,1.55,1.75,1.95,2.43,670,445,1.51,56.52%,08/11/17
AMD,12.23,Call,11.5,08/11/17,1,0.71,0.73,0.74,0.68,1238,827,1.5,0.00%,08/11/17
TTM,29.4,Put,28,01/18/19,524,3.00,3.25,3.50,3.15,3005,2014,1.49,30.22%,08/11/17
PHH,14.02,Call,18,08/18/17,6,0.00,0.1,0.10,0.05,600,402,1.49,129.58%,08/11/17
MU,28.01,Call,27.5,08/11/17,1,0.47,0.5,0.53,0.52,3695,2482,1.49,0.00%,08/11/17
EOG,88.53,Call,105,01/19/18,160,1.29,1.43,1.56,1.35,2012,1350,1.49,25.80%,08/11/17
TSLA,357.87,Put,352.5,08/11/17,1,0.01,0.02,0.03,0.01,4339,2911,1.49,0.00%,08/11/17
NXPI,112.2,Put,85,04/20/18,251,0.00,4.6,4.60,1.05,1500,1013,1.48,34.42%,08/11/17
PHH,14.02,Put,11,08/18/17,6,0.00,0.1,0.10,0.2,1512,1022,1.48,133.40%,08/11/17
AMD,12.23,Put,12,08/11/17,1,0.00,0.01,0.01,0.01,14914,10046,1.48,0.00%,08/11/17
AAPL,157.48,Call,157.5,08/18/17,6,1.97,1.98,1.98,1.99,21028,14299,1.47,26.85%,08/11/17
CAT,112.85,Call,112,08/11/17,1,0.73,0.96,1.19,0.93,2039,1396,1.46,0.00%,08/11/17
MSFT,72.5,Call,72.5,08/11/17,1,0.01,0.03,0.05,0.01,4675,3209,1.46,0.00%,08/11/17
NVDA,155.96,Call,160,08/18/17,6,2.08,2.1,2.12,2.11,11129,7607,1.46,51.17%,08/11/17
SLB,63.83,Put,57.5,01/19/18,160,1.53,1.6,1.67,1.61,4504,3097,1.45,25.61%,08/11/17
AEP,70.56,Call,65,08/18/17,6,5.50,5.7,5.90,6,561,386,1.45,48.89%,08/11/17
NFLX,171.4,Put,172.5,08/11/17,1,0.96,1.13,1.30,1.2,3866,2674,1.45,0.00%,08/11/17
JD,45.9,Call,45.5,08/11/17,1,0.02,1.71,3.40,0.3,3138,2166,1.45,0.00%,08/11/17
GLW,28.98,Call,33,01/19/18,160,0.45,0.5,0.54,0.48,681,473,1.44,22.28%,08/11/17
SPLK,58.2,Call,59,08/18/17,6,0.55,0.63,0.70,0.6,509,353,1.44,35.45%,08/11/17
MSFT,72.5,Call,71.5,08/11/17,1,0.99,1.02,1.05,0.98,908,634,1.43,0.00%,08/11/17
SNAP,11.83,Call,11,08/18/17,6,0.91,1.01,1.10,0.97,1940,1361,1.43,89.89%,08/11/17
MSFT,72.5,Put,72.5,08/11/17,1,0.01,0.02,0.03,0.03,3094,2165,1.43,0.00%,08/11/17
DDS,58.01,Call,75,09/15/17,34,0.15,0.23,0.30,0.2,1014,710,1.43,52.29%,08/11/17
AMD,12.23,Call,18,08/11/17,1,0.00,0.01,0.01,0.07,580,407,1.43,0.00%,08/11/17
AMD,12.23,Call,12.5,08/18/17,6,0.24,0.25,0.25,0.23,14615,10189,1.43,62.98%,08/11/17
SNAP,11.83,Call,12,01/19/18,160,1.85,2.01,2.17,1.9,941,663,1.42,66.60%,08/11/17
AMD,12.23,Put,10.5,08/18/17,6,0.02,0.03,0.03,0.02,552,388,1.42,81.44%,08/11/17
STX,32.29,Call,32.5,08/18/17,6,0.43,0.46,0.48,0.47,550,387,1.42,36.48%,08/11/17
BUD,115.82,Put,110,09/15/17,34,1.00,1.03,1.05,0.99,3361,2362,1.42,23.17%,08/11/17
TSLA,357.87,Put,337.5,08/18/17,6,1.35,1.44,1.52,1.53,687,488,1.41,47.41%,08/11/17
BIDU,223.49,Put,225,08/11/17,1,1.10,1.53,1.95,1.54,1287,915,1.41,0.00%,08/11/17
FTR,14.91,Put,15,01/18/19,524,5.90,6.25,6.60,5.9,2558,1819,1.41,93.73%,08/11/17
ALXN,132.93,Put,65,08/18/17,6,0.00,0.1,0.10,0.35,671,477,1.41,243.00%,08/11/17
AAPL,157.48,Call,150,08/25/17,13,8.10,8.28,8.45,8.34,852,605,1.41,28.72%,08/11/17
TSLA,357.87,Put,362.5,08/11/17,1,4.35,4.75,5.15,4.92,1355,961,1.41,0.00%,08/11/17
MSFT,72.5,Put,73,08/11/17,1,0.43,0.49,0.54,0.51,1327,950,1.4,0.00%,08/11/17
NVDA,155.96,Put,149,08/18/17,6,1.11,1.19,1.27,1.15,1424,1015,1.4,51.60%,08/11/17
CBI,11.8,Put,9.5,08/18/17,6,0.00,0.1,0.10,0.12,507,365,1.39,126.73%,08/11/17
CSCO,31.47,Call,31,08/11/17,1,0.45,0.48,0.50,0.51,1490,1069,1.39,0.00%,08/11/17
AMTD,43.82,Call,38,08/18/17,6,5.70,5.85,6.00,7.7,4200,3019,1.39,60.94%,08/11/17
PCLN,1854.17,Put,1845,08/11/17,1,0.00,0.2,0.20,0.1,606,438,1.38,0.00%,08/11/17
HSBC,47.77,Call,43,09/15/17,34,4.65,4.93,5.20,7.8,1322,956,1.38,24.70%,08/11/17
NVDA,155.96,Call,150,10/20/17,69,14.10,14.4,14.70,14.43,673,492,1.37,41.85%,08/11/17
FOXA,28.21,Put,27,01/18/19,524,2.50,2.65,2.80,2.1,1900,1386,1.37,26.01%,08/11/17
SHOO,43,Put,35,09/15/17,34,0.00,0.25,0.25,0.55,6265,4567,1.37,43.64%,08/11/17
AAPL,157.48,Put,160,08/11/17,1,2.45,2.54,2.62,2.64,13216,9634,1.37,0.00%,08/11/17
BABA,151.7,Put,148,08/11/17,1,0.00,0.03,0.03,0.01,2964,2168,1.37,0.00%,08/11/17
JPM,91.42,Put,92,08/18/17,6,1.11,1.13,1.15,1.14,969,715,1.36,19.04%,08/11/17
HRTG,11.53,Put,10,03/16/18,216,0.70,0.85,1.00,0.9,1500,1100,1.36,46.38%,08/11/17
APO,29.39,Call,15,01/18/19,524,13.30,14.1,14.90,12.5,800,589,1.36,0.00%,08/11/17
ETSY,16.22,Call,20,09/15/17,34,0.00,0.1,0.10,0.05,2328,1718,1.36,42.59%,08/11/17
XPO,55.63,Call,45,01/19/18,160,12.40,12.6,12.80,20,2750,2040,1.35,42.64%,08/11/17
SNAP,11.83,Put,11,08/18/17,6,0.16,0.18,0.20,0.17,15507,11482,1.35,91.45%,08/11/17
KSS,38.64,Call,37.5,08/11/17,1,1.00,1.18,1.35,1.18,1371,1012,1.35,0.00%,08/11/17
INCY,124.1,Put,110,09/15/17,34,1.60,1.8,2.00,1.9,852,630,1.35,46.51%,08/11/17
BBD,9.99,Put,12,12/15/17,125,2.09,2.19,2.29,3.55,1219,905,1.35,34.44%,08/11/17
AAPL,157.48,Put,157.5,08/25/17,13,2.74,2.77,2.79,2.79,1943,1437,1.35,24.42%,08/11/17
XOM,78.21,Call,79.5,08/11/17,1,0.00,0.01,0.01,0.07,1517,1125,1.35,0.00%,08/11/17
HAIN,43.34,Put,32,01/19/18,160,0.15,0.35,0.55,0.6,2487,1852,1.34,34.67%,08/11/17
SPR,68.91,Put,47.5,10/20/17,69,0.00,0.15,0.15,0.05,690,515,1.34,42.09%,08/11/17
SGMO,10.25,Call,12,08/18/17,6,0.00,0.1,0.10,0.05,558,416,1.34,98.28%,08/11/17
TEVA,17.3,Put,19,08/11/17,1,1.70,3.05,4.40,1.83,2600,1946,1.34,0.00%,08/11/17
KERX,6.42,Put,7,12/15/17,125,1.10,1.33,1.55,1.2,1610,1198,1.34,66.13%,08/11/17
CBG,35.77,Call,38,12/15/17,125,1.05,1.13,1.20,1.45,800,602,1.33,23.41%,08/11/17
V,100.09,Call,100,08/11/17,1,0.05,0.11,0.16,0.13,888,668,1.33,0.00%,08/11/17
GS,224.15,Put,212.5,08/18/17,6,0.19,0.23,0.26,0.27,1497,1127,1.33,30.39%,08/11/17
BK,52.19,Put,53,08/25/17,13,1.12,1.26,1.39,0.88,2010,1510,1.33,20.95%,08/11/17
FB,168.08,Put,167.5,08/11/17,1,0.00,0.02,0.02,0.01,7632,5743,1.33,0.00%,08/11/17
GRA,66.88,Put,72.5,08/18/17,6,5.60,5.9,6.20,4.2,2409,1822,1.32,59.08%,08/11/17
ILG,25.63,Put,23,12/15/17,125,0.63,0.68,0.72,0.71,3640,2761,1.32,30.12%,08/11/17
NFLX,171.4,Call,177.5,08/18/17,6,0.90,0.93,0.95,0.97,2376,1802,1.32,37.41%,08/11/17
COH,47.55,Call,40,11/17/17,97,7.80,8,8.20,8.05,1129,863,1.31,28.22%,08/11/17
BAC,23.86,Call,23.5,08/25/17,13,0.67,0.68,0.69,0.66,1588,1215,1.31,27.65%,08/11/17
INTC,35.87,Put,36,11/17/17,97,1.57,1.6,1.63,1.59,1044,798,1.31,21.57%,08/11/17
EPC,74.26,Put,80,08/18/17,6,5.10,5.65,6.20,8,2601,1992,1.31,0.00%,08/11/17
BTU,28.25,Call,30,10/20/17,69,0.75,0.93,1.10,1.05,2500,1910,1.31,32.65%,08/11/17
AMZN,967.99,Call,960,08/18/17,6,15.70,15.98,16.25,16.2,1046,800,1.31,25.46%,08/11/17
AAPL,157.48,Call,175,09/15/17,34,0.33,0.35,0.36,0.34,13558,10461,1.3,23.28%,08/11/17
OLN,29.18,Call,33,09/15/17,34,0.05,0.1,0.15,0.45,982,758,1.3,29.07%,08/11/17
AAPL,157.48,Call,180,10/20/17,69,0.77,0.79,0.80,0.8,6017,4613,1.3,23.56%,08/11/17
MOBL,3.95,Call,2.5,09/15/17,34,1.40,1.63,1.85,1.65,723,556,1.3,175.54%,08/11/17
BIDU,223.49,Put,217.5,08/11/17,1,0.00,0.02,0.02,0.01,1509,1164,1.3,0.00%,08/11/17
DG,75.49,Call,80.5,09/08/17,27,0.65,0.73,0.80,1.1,770,594,1.3,29.45%,08/11/17
TEVA,17.3,Call,17.5,08/18/17,6,0.38,0.43,0.47,0.43,1906,1467,1.3,63.75%,08/11/17
EXPE,144.51,Put,141,09/01/17,20,2.05,2.23,2.40,2.1,5000,3858,1.3,28.86%,08/11/17
D,77.39,Put,55,10/20/17,69,0.00,0.1,0.10,0.08,785,608,1.29,36.20%,08/11/17
ABX,17.04,Call,17,08/11/17,1,0.02,0.04,0.06,0.05,3678,2855,1.29,0.00%,08/11/17
RHT,98.34,Put,97.5,10/20/17,69,4.60,4.75,4.90,4.58,723,561,1.29,31.17%,08/11/17
BLK,424.16,Call,480,08/18/17,6,0.00,0.05,0.05,0.25,967,750,1.29,39.63%,08/11/17
MS,45.65,Put,46,10/20/17,69,2.11,2.15,2.19,2.2,1047,811,1.29,25.58%,08/11/17
AMZN,967.99,Put,930,08/11/17,1,0.00,0.01,0.01,0.01,1211,940,1.29,0.00%,08/11/17
AMZN,967.99,Put,945,08/11/17,1,0.00,0.01,0.01,0.01,852,662,1.29,0.00%,08/11/17
BA,234.88,Call,235,08/11/17,1,0.01,0.07,0.12,0.08,707,549,1.29,0.00%,08/11/17
TGT,55.65,Call,50,08/18/17,6,5.55,5.65,5.75,5.64,2051,1588,1.29,0.00%,08/11/17
TGT,55.65,Put,52,08/18/17,6,0.30,0.33,0.36,0.33,8275,6433,1.29,59.73%,08/11/17
CYBR,40.07,Put,34,08/11/17,1,0.00,0.05,0.05,0.05,826,646,1.28,0.00%,08/11/17
AMD,12.23,Call,28,10/20/17,69,0.00,0.02,0.02,0.04,1382,1083,1.28,74.95%,08/11/17
XOM,78.21,Put,78.5,08/11/17,1,0.26,0.28,0.30,0.26,1667,1298,1.28,0.00%,08/11/17
DDS,58.01,Put,57.5,08/18/17,6,1.55,1.7,1.85,1.95,958,753,1.27,72.26%,08/11/17
VRX,13.89,Call,14,08/18/17,6,0.35,0.36,0.37,0.37,2865,2259,1.27,63.26%,08/11/17
DEPO,6.32,Put,3,01/19/18,160,0.10,0.2,0.30,0.15,2684,2116,1.27,103.98%,08/11/17
MPC,52.16,Put,55,08/25/17,13,3.10,3.28,3.45,1.62,885,696,1.27,37.36%,08/11/17
AMZN,967.99,Call,992.5,08/18/17,6,2.72,2.94,3.15,3.02,571,451,1.27,24.30%,08/11/17
NVDA,155.96,Put,155,08/18/17,6,3.00,3.13,3.25,3.1,6380,5029,1.27,49.52%,08/11/17
KO,45.59,Call,47,09/01/17,20,0.05,0.07,0.09,0.06,1000,795,1.26,11.18%,08/11/17
CRNT,2.27,Put,5,09/15/17,34,2.50,2.73,2.95,1.6,717,568,1.26,0.00%,08/11/17
ILG,25.63,Call,15,09/15/17,34,9.50,10.7,11.90,12,4000,3180,1.26,92.74%,08/11/17
ED,82.87,Call,80,08/18/17,6,2.75,2.93,3.10,2.68,986,781,1.26,19.09%,08/11/17
NVDA,155.96,Put,140,01/18/19,524,20.30,20.95,21.60,21.1,1976,1586,1.25,41.89%,08/11/17
KR,23.49,Call,24,08/18/17,6,0.20,0.23,0.25,0.25,7519,6000,1.25,38.96%,08/11/17
PH,157.02,Put,160,08/18/17,6,3.50,3.7,3.90,3.9,2000,1595,1.25,25.12%,08/11/17
SCCO,38.38,Call,35,08/18/17,6,3.20,3.5,3.80,3.7,1500,1196,1.25,60.23%,08/11/17
TMUS,63.61,Call,68.5,08/18/17,6,0.00,0.25,0.25,0.2,750,598,1.25,44.87%,08/11/17
CNP,28.82,Call,28,08/18/17,6,0.75,0.85,0.95,0.8,536,429,1.25,18.57%,08/11/17
WB,82.72,Call,88,08/11/17,1,0.00,0.05,0.05,0.1,793,638,1.24,0.00%,08/11/17
BW,2.91,Call,5,08/18/17,6,0.00,0.1,0.10,0.05,1290,1044,1.24,325.06%,08/11/17
BABA,151.7,Call,149,08/18/17,6,6.60,6.75,6.90,6.64,760,611,1.24,75.22%,08/11/17
NVTA,9.19,Call,7.5,12/15/17,125,2.20,2.3,2.40,2.5,1059,858,1.23,65.70%,08/11/17
BBRY,8.78,Put,9,08/11/17,1,0.20,0.22,0.23,0.22,1533,1245,1.23,0.00%,08/11/17
ILG,25.63,Call,17,09/15/17,34,7.65,8.63,9.60,10,3000,2431,1.23,0.00%,08/11/17
NFLX,171.4,Put,167.5,08/11/17,1,0.00,0.01,0.01,0.01,4026,3260,1.23,0.00%,08/11/17
LPLA,45.67,Put,41,08/18/17,6,0.00,0.35,0.35,0.75,617,500,1.23,72.28%,08/11/17
CMCM,10.63,Call,14,08/18/17,6,0.00,0.05,0.05,0.15,1240,1014,1.22,129.22%,08/11/17
NVCR,18.3,Call,35,03/16/18,216,0.00,0.25,0.25,0.45,1226,1001,1.22,46.37%,08/11/17
APA,42.39,Put,40,01/18/19,524,5.50,5.73,5.95,5.8,538,441,1.22,36.71%,08/11/17
ETE,16.99,Call,18,09/15/17,34,0.24,0.27,0.29,0.25,1253,1027,1.22,30.23%,08/11/17
JD,45.9,Call,51,08/25/17,13,0.41,0.6,0.78,0.65,3880,3171,1.22,65.58%,08/11/17
AMZN,967.99,Call,985,08/18/17,6,4.35,4.53,4.70,4.55,829,682,1.22,24.03%,08/11/17
TSLA,357.87,Put,350,08/11/17,1,0.00,0.01,0.01,0.03,4276,3504,1.22,0.00%,08/11/17
GE,25.2,Put,25.5,08/18/17,6,0.39,0.4,0.41,0.4,5512,4557,1.21,18.66%,08/11/17
ABX,17.04,Put,3,01/19/18,160,0.00,0.02,0.02,0.02,723,597,1.21,106.20%,08/11/17
HSBC,47.77,Call,47,08/18/17,6,0.86,1,1.14,3.75,1807,1489,1.21,23.62%,08/11/17
FCX,13.96,Call,14,08/11/17,1,0.00,0.01,0.01,0.01,2676,2206,1.21,0.00%,08/11/17
NVDA,155.96,Call,170,10/20/17,69,6.10,6.18,6.25,6.1,3011,2504,1.2,42.12%,08/11/17
MSFT,72.5,Put,57.5,08/18/17,6,0.00,0.02,0.02,0.03,960,803,1.2,77.65%,08/11/17
RCL,117.22,Call,90,09/15/17,34,26.85,27.3,27.75,29.75,600,500,1.2,0.00%,08/11/17
EXPR,6.28,Call,11,01/19/18,160,0.00,0.15,0.15,0.32,1000,831,1.2,54.08%,08/11/17
FCX,13.96,Call,13.5,08/11/17,1,0.44,0.46,0.48,0.43,641,533,1.2,0.00%,08/11/17
MDLZ,43.59,Put,36,01/19/18,160,0.48,0.53,0.57,0.52,8000,6719,1.19,27.72%,08/11/17
SU,32.41,Put,28,08/18/17,6,0.00,0.04,0.04,0.07,1000,840,1.19,63.20%,08/11/17
JCP,3.93,Call,4.5,08/11/17,1,0.00,0.01,0.01,0.03,1935,1620,1.19,0.00%,08/11/17
NVDA,155.96,Call,167.5,08/18/17,6,0.57,0.62,0.66,0.62,2478,2089,1.19,52.76%,08/11/17
C,66.8,Call,67,08/18/17,6,0.63,0.65,0.67,0.63,2418,2033,1.19,23.74%,08/11/17
CYH,7.45,Put,5,12/15/17,125,0.15,0.3,0.45,0.4,926,785,1.18,79.95%,08/11/17
HD,154.88,Put,150,08/18/17,6,0.83,0.87,0.90,0.85,4718,3984,1.18,36.78%,08/11/17
RH,56,Call,61,08/18/17,6,0.30,0.65,1.00,1,1832,1555,1.18,86.08%,08/11/17
JD,45.9,Put,41,01/19/18,160,2.20,2.48,2.75,2.45,1545,1304,1.18,40.22%,08/11/17
AVGO,244.17,Call,245,08/11/17,1,0.00,0.1,0.10,0.05,544,463,1.17,0.00%,08/11/17
NVDA,155.96,Put,140,10/20/17,69,4.45,4.53,4.60,4.55,1108,949,1.17,42.30%,08/11/17
BABA,151.7,Put,80,12/15/17,125,0.00,0.11,0.11,0.16,720,614,1.17,44.03%,08/11/17
KN,14.71,Put,17.5,08/18/17,6,2.70,2.85,3.00,1.65,510,435,1.17,102.06%,08/11/17
JD,45.9,Put,45.5,08/11/17,1,0.00,0.67,0.67,0.05,1016,868,1.17,0.00%,08/11/17
WMT,80.4,Put,80.5,08/11/17,1,0.06,0.17,0.27,0.08,574,491,1.17,0.00%,08/11/17
KERX,6.42,Put,8,08/18/17,6,1.45,1.58,1.70,1.25,1603,1373,1.17,0.00%,08/11/17
TWTR,15.92,Call,15.5,08/11/17,1,0.41,0.44,0.47,0.43,603,520,1.16,0.00%,08/11/17
NVDA,155.96,Call,175,10/20/17,69,4.75,4.88,5.00,4.8,1261,1090,1.16,42.18%,08/11/17
CSFL,23.93,Call,25,09/15/17,34,0.10,0.3,0.50,0.95,1156,1000,1.16,23.97%,08/11/17
TEVA,17.3,Put,18,08/18/17,6,0.67,0.91,1.14,0.94,2326,2004,1.16,57.95%,08/11/17
JD,45.9,Put,48,08/18/17,6,3.10,3.23,3.35,3.26,529,456,1.16,91.62%,08/11/17
JCP,3.93,Put,4,09/15/17,34,0.33,0.38,0.42,0.38,12986,11178,1.16,71.83%,08/11/17
SHAK,32.33,Call,37,08/18/17,6,0.00,0.05,0.05,0.4,1911,1644,1.16,59.79%,08/11/17
CNP,28.82,Call,27,08/18/17,6,1.75,1.88,2.00,1.8,940,812,1.16,40.60%,08/11/17
COF,82.8,Call,89,08/25/17,13,0.00,0.08,0.08,0.39,1000,863,1.16,21.25%,08/11/17
INTC,35.87,Put,34,11/17/17,97,0.81,0.84,0.87,0.84,1098,958,1.15,22.95%,08/11/17
NVDA,155.96,Put,167.5,08/11/17,1,11.50,11.58,11.65,11.53,3401,2967,1.15,0.00%,08/11/17
COF,82.8,Call,88,08/25/17,13,0.04,0.08,0.12,0.95,1003,869,1.15,21.16%,08/11/17
BAC,23.86,Call,25.5,09/01/17,20,0.05,0.07,0.08,0.06,3631,3174,1.14,23.05%,08/11/17
ADP,108.81,Put,106,08/18/17,6,0.60,0.68,0.75,0.58,562,491,1.14,34.57%,08/11/17
LL,35.62,Put,36.5,08/11/17,1,0.65,0.9,1.15,0.85,729,641,1.14,0.00%,08/11/17
HOLX,38.2,Put,50,03/16/18,216,11.20,11.85,12.50,11,1310,1150,1.14,25.43%,08/11/17
RTN,179.35,Put,165,09/15/17,34,0.57,0.68,0.79,0.67,585,512,1.14,23.39%,08/11/17
FB,168.08,Put,170,08/11/17,1,1.87,1.94,2.00,1.95,11250,9863,1.14,0.00%,08/11/17
TGT,55.65,Call,56,08/18/17,6,0.92,0.94,0.95,0.92,4770,4169,1.14,42.12%,08/11/17
MU,28.01,Call,28,08/11/17,1,0.00,0.01,0.01,0.01,6696,5903,1.13,0.00%,08/11/17
HSBC,47.77,Call,37,09/15/17,34,10.65,10.88,11.10,7.4,800,707,1.13,45.87%,08/11/17
MOH,58.05,Call,90,12/15/17,125,0.00,0.2,0.20,0.82,1405,1240,1.13,35.74%,08/11/17
JD,45.9,Call,45.5,08/18/17,6,2.10,2.17,2.24,2.2,563,498,1.13,91.91%,08/11/17
SCHW,40.65,Call,39,09/15/17,34,2.20,2.28,2.35,3.85,2996,2662,1.13,26.32%,08/11/17
AMZN,967.99,Call,997.5,08/18/17,6,2.00,2.19,2.37,2.21,580,514,1.13,24.58%,08/11/17
TTPH,5.35,Put,12.5,08/18/17,6,7.00,7.15,7.30,5.68,1840,1640,1.12,256.95%,08/11/17
VNO,75.73,Put,75,03/16/18,216,4.10,4.25,4.40,2.9,605,538,1.12,20.95%,08/11/17
PVH,123.88,Put,70,09/15/17,34,0.00,0.05,0.05,0.01,534,475,1.12,71.78%,08/11/17
IP,52.59,Call,55,09/15/17,34,0.37,0.42,0.47,0.4,906,810,1.12,19.62%,08/11/17
DLTR,73.5,Put,68,08/11/17,1,0.00,0.05,0.05,1.1,712,633,1.12,0.00%,08/11/17
ETP,19.51,Call,21,09/15/17,34,0.15,0.18,0.20,0.18,1433,1281,1.12,27.12%,08/11/17
ESPR,49.33,Put,37,09/15/17,34,0.50,0.93,1.35,1.3,525,469,1.12,92.82%,08/11/17
EZPW,9,Put,7.5,08/18/17,6,0.00,0.1,0.10,0.35,1231,1101,1.12,118.43%,08/11/17
NVDA,155.96,Call,160,08/25/17,13,3.50,3.55,3.60,3.55,897,801,1.12,46.46%,08/11/17
CAG,34.8,Call,46,01/19/18,160,0.00,0.1,0.10,0.06,925,830,1.11,21.05%,08/11/17
ASMB,23.34,Call,22.5,08/18/17,6,0.60,1.18,1.75,0.95,1157,1039,1.11,62.71%,08/11/17
BABA,151.7,Put,150,08/25/17,13,4.95,5.05,5.15,5.07,536,483,1.11,53.95%,08/11/17
PM,114.88,Put,110,09/15/17,34,0.88,0.94,1.00,1.02,2051,1847,1.11,20.33%,08/11/17
MYL,30.88,Call,35,10/20/17,69,0.39,0.44,0.49,0.46,1168,1053,1.11,31.45%,08/11/17
M,20.62,Call,20,08/11/17,1,0.55,0.62,0.69,0.59,1248,1121,1.11,0.00%,08/11/17
RMBS,12.63,Put,10,01/19/18,160,0.00,0.24,0.24,0.2,600,542,1.11,29.73%,08/11/17
WAT,177.03,Put,170,09/15/17,34,1.75,2,2.25,2.45,1199,1077,1.11,22.86%,08/11/17
MDLZ,43.59,Put,36,08/18/17,6,0.00,0.05,0.05,0.08,945,863,1.1,78.68%,08/11/17
CBI,11.8,Call,13.5,08/11/17,1,0.00,0.05,0.05,0.03,861,786,1.1,0.00%,08/11/17
SNAP,11.83,Call,12.5,08/18/17,6,0.15,0.21,0.27,0.21,3853,3509,1.1,82.90%,08/11/17
CELG,130.61,Put,131,08/11/17,1,0.28,0.42,0.56,0.5,900,819,1.1,0.00%,08/11/17
AAP,107.34,Put,100,08/18/17,6,1.65,1.85,2.05,1.8,4814,4378,1.1,95.68%,08/11/17
QEP,7.3,Call,8,01/19/18,160,0.80,0.88,0.95,0.99,1298,1176,1.1,59.01%,08/11/17
HON,136.59,Call,140,12/15/17,125,3.00,3.2,3.40,3.24,1026,929,1.1,14.07%,08/11/17
MBI,10.27,Put,12,08/18/17,6,1.59,1.79,1.99,1.72,3000,2717,1.1,102.79%,08/11/17
NFLX,171.4,Put,167.5,08/18/17,6,1.57,1.61,1.65,1.59,1116,1015,1.1,40.40%,08/11/17
EGO,2,Put,2,08/18/17,6,0.00,0.1,0.10,0.1,780,710,1.1,53.70%,08/11/17
BKD,12.52,Put,10,08/18/17,6,0.00,0.35,0.35,0.15,575,522,1.1,181.08%,08/11/17
AAPL,157.48,Call,152.5,08/11/17,1,4.80,4.95,5.10,4.97,2034,1841,1.1,0.00%,08/11/17
AMZN,967.99,Call,980,08/11/17,1,0.00,0.05,0.05,0.01,1706,1549,1.1,0.00%,08/11/17
AMZN,967.99,Call,975,08/18/17,6,7.65,7.9,8.15,8.05,524,478,1.1,24.25%,08/11/17
HALO,11.9,Call,13,12/15/17,125,0.60,0.75,0.90,1.15,2045,1879,1.09,41.82%,08/11/17
AMBC,19.08,Put,20,08/18/17,6,0.90,1.03,1.15,0.75,711,652,1.09,45.46%,08/11/17
M,20.62,Call,21,09/15/17,34,0.58,0.67,0.75,0.71,1081,990,1.09,33.40%,08/11/17
EROS,7.25,Call,7.5,12/15/17,125,1.10,1.18,1.25,1.2,548,504,1.09,75.62%,08/11/17
MS,45.65,Put,45.5,08/11/17,1,0.00,0.02,0.02,0.01,3504,3206,1.09,0.00%,08/11/17
JPM,91.42,Call,72.5,08/18/17,6,18.50,18.8,19.10,18.85,1430,1306,1.09,0.00%,08/11/17
GE,25.2,Call,25,09/15/17,34,0.63,0.65,0.66,0.68,3386,3136,1.08,17.48%,08/11/17
CC,46.34,Put,40,01/19/18,160,2.55,2.75,2.95,2.9,623,577,1.08,47.83%,08/11/17
BABA,151.7,Put,80,06/15/18,307,0.58,0.71,0.84,0.69,897,833,1.08,41.16%,08/11/17
GRA,66.88,Put,62.5,09/15/17,34,0.35,0.43,0.50,0.5,534,495,1.08,23.98%,08/11/17
AERI,50.35,Call,65,11/17/17,97,0.50,1.25,2.00,1.7,2180,2019,1.08,50.03%,08/11/17
RMBS,12.63,Call,8,08/18/17,6,4.50,4.63,4.75,3.75,511,471,1.08,0.00%,08/11/17
FB,168.08,Put,190,08/18/17,6,21.60,21.9,22.20,17.1,506,470,1.08,37.60%,08/11/17
JPM,91.42,Put,90.5,08/18/17,6,0.49,0.51,0.52,0.48,559,523,1.07,21.08%,08/11/17
GM,34.93,Put,35,08/11/17,1,0.07,0.09,0.10,0.12,1627,1517,1.07,0.00%,08/11/17
VALE,9.69,Call,10.5,09/22/17,41,0.19,0.21,0.23,0.18,616,575,1.07,38.58%,08/11/17
LYV,38.34,Put,40,10/20/17,69,2.20,2.65,3.10,1.05,571,534,1.07,25.90%,08/11/17
DOW,63.26,Call,70,01/19/18,160,0.93,1.06,1.18,1,10014,9357,1.07,19.04%,08/11/17
HUN,25.15,Call,19,08/18/17,6,6.00,6.3,6.60,8.7,640,599,1.07,167.82%,08/11/17
AMX,18,Put,18,01/19/18,160,1.15,1.25,1.35,1.3,1190,1110,1.07,27.30%,08/11/17
IONS,46.76,Put,47,08/11/17,1,0.00,0.75,0.75,0.9,896,840,1.07,0.00%,08/11/17
EW,114.5,Call,126,08/18/17,6,0.00,0.1,0.10,1.33,800,750,1.07,40.99%,08/11/17
FCX,13.96,Call,17,08/25/17,13,0.00,0.1,0.10,0.02,1200,1126,1.07,69.68%,08/11/17
FHN,17.25,Call,24,08/18/17,6,0.00,0.05,0.05,0.55,1070,1000,1.07,138.22%,08/11/17
TTM,29.4,Put,29.5,08/11/17,1,0.00,0.3,0.30,0.3,621,588,1.06,0.00%,08/11/17
CS,14.91,Put,10,06/15/18,307,0.00,0.3,0.30,0.1,1057,1000,1.06,33.06%,08/11/17
URBN,17.76,Put,20,08/18/17,6,2.35,2.58,2.80,2.95,2277,2148,1.06,127.08%,08/11/17
SNAP,11.83,Put,13,08/11/17,1,1.15,1.21,1.26,1.2,6861,6446,1.06,0.00%,08/11/17
DF,12.24,Put,7,03/16/18,216,0.05,0.1,0.15,0.15,1373,1299,1.06,49.00%,08/11/17
AA,37.78,Call,37,08/18/17,6,1.20,1.28,1.35,1.39,1358,1281,1.06,47.18%,08/11/17
DG,75.49,Call,81,09/01/17,20,0.40,0.5,0.60,0.85,1123,1061,1.06,31.67%,08/11/17
VRX,13.89,Put,16.5,08/11/17,1,2.58,2.62,2.66,2.58,2483,2340,1.06,0.00%,08/11/17
HD,154.88,Call,155,08/11/17,1,0.00,0.08,0.08,0.05,1877,1768,1.06,0.00%,08/11/17
HSBC,47.77,Call,46,08/18/17,6,1.71,1.88,2.04,4.75,715,677,1.06,28.39%,08/11/17
AMD,12.23,Call,12,08/25/17,13,0.66,0.68,0.70,0.64,638,600,1.06,63.40%,08/11/17
INTC,35.87,Put,37.5,08/18/17,6,1.61,1.65,1.69,1.64,1481,1401,1.06,23.99%,08/11/17
RIO,44.61,Put,42.5,09/15/17,34,0.70,0.78,0.85,0.77,1590,1507,1.06,31.21%,08/11/17
TECK,22.18,Call,24,08/25/17,13,0.12,0.16,0.20,0.3,1545,1458,1.06,44.20%,08/11/17
AMZN,967.99,Put,972.5,08/11/17,1,3.45,4.18,4.90,4.57,561,528,1.06,0.00%,08/11/17
NVRO,81.9,Call,100,09/15/17,34,0.30,0.88,1.45,0.7,1262,1201,1.05,55.77%,08/11/17
TXN,80.89,Put,55,08/18/17,6,0.00,0.01,0.01,0.03,550,525,1.05,114.11%,08/11/17
MU,28.01,Call,45,08/25/17,13,0.00,0.03,0.03,0.05,2257,2152,1.05,105.85%,08/11/17
NFLX,171.4,Put,165,08/11/17,1,0.00,0.01,0.01,0.01,3076,2943,1.05,0.00%,08/11/17
AMD,12.23,Call,11.5,08/18/17,6,0.83,0.84,0.85,0.77,998,950,1.05,65.51%,08/11/17
NTES,280.96,Put,280,08/11/17,1,0.00,0.55,0.55,0.05,634,605,1.05,0.00%,08/11/17
AN,41.04,Put,35,09/15/17,34,0.15,0.2,0.25,0.3,528,503,1.05,40.33%,08/11/17
WUBA,52.14,Call,60,09/15/17,34,0.45,0.53,0.60,0.45,933,892,1.05,43.23%,08/11/17
NBL,24.65,Call,25,09/15/17,34,0.80,0.88,0.95,1.05,1957,1866,1.05,34.63%,08/11/17
AMZN,967.99,Put,962.5,08/18/17,6,8.20,8.38,8.55,8.5,917,873,1.05,24.32%,08/11/17
MDCO,37.4,Call,80,01/19/18,160,0.00,0.15,0.15,0.3,532,514,1.04,50.75%,08/11/17
VRA,10.02,Put,7.5,09/15/17,34,0.05,0.15,0.25,0.1,1296,1250,1.04,86.75%,08/11/17
DG,75.49,Put,68,08/25/17,13,0.00,0.15,0.15,2.15,1260,1210,1.04,33.53%,08/11/17
ABB,22.83,Call,24,09/15/17,34,0.05,0.1,0.15,0.1,4176,4029,1.04,16.57%,08/11/17
AIG,62.65,Put,61,08/18/17,6,0.10,0.12,0.14,0.12,1801,1730,1.04,21.86%,08/11/17
AAPL,157.48,Put,145,08/11/17,1,0.00,0.01,0.01,0.01,3988,3834,1.04,0.00%,08/11/17
AXL,14.35,Call,18,01/18/19,524,1.90,2.25,2.60,1.85,762,736,1.04,49.18%,08/11/17
X,23.16,Call,23.5,08/18/17,6,0.43,0.44,0.45,0.44,4388,4235,1.04,54.47%,08/11/17
MTW,7.93,Put,5,09/15/17,34,0.00,0.05,0.05,0.05,1200,1151,1.04,86.75%,08/11/17
XOM,78.21,Put,79,08/11/17,1,0.75,0.78,0.81,0.75,2971,2864,1.04,0.00%,08/11/17
FMC,82.73,Put,65,08/18/17,6,0.00,0.2,0.20,0.05,1131,1102,1.03,108.02%,08/11/17
TWTR,15.92,Call,16,08/11/17,1,0.00,0.01,0.01,0.01,2426,2357,1.03,0.00%,08/11/17
UTX,116.89,Put,118,08/11/17,1,0.85,1.08,1.31,1.08,1062,1035,1.03,0.00%,08/11/17
Z,40.97,Put,46,08/18/17,6,4.80,5.15,5.50,2.6,514,497,1.03,69.92%,08/11/17
QCOM,52.72,Call,53.5,08/11/17,1,0.00,0.01,0.01,0.01,718,698,1.03,0.00%,08/11/17
CSTE,28.8,Call,42.5,10/20/17,69,0.00,0.15,0.15,0.85,1038,1006,1.03,46.87%,08/11/17
HSBC,47.77,Put,39,12/15/17,125,0.18,0.24,0.30,0.67,1153,1119,1.03,25.48%,08/11/17
HUN,25.15,Put,27,11/17/17,97,2.40,2.53,2.65,1.9,3114,3019,1.03,27.58%,08/11/17
SHOO,43,Put,35,08/18/17,6,0.00,0.15,0.15,0.25,519,502,1.03,100.88%,08/11/17
EPAY,29.98,Call,30,09/15/17,34,0.95,1.05,1.15,1,1223,1182,1.03,29.11%,08/11/17
TGT,55.65,Call,59.5,08/18/17,6,0.13,0.16,0.18,0.18,532,516,1.03,45.59%,08/11/17
NOAH,30.65,Put,17.5,12/15/17,125,0.00,0.2,0.20,0.3,2150,2104,1.02,53.51%,08/11/17
CAT,112.85,Put,106,09/01/17,20,0.46,0.59,0.71,0.43,1051,1029,1.02,27.84%,08/11/17
AVGO,244.17,Call,240,08/11/17,1,3.70,4.05,4.40,3.63,541,529,1.02,0.00%,08/11/17
AVXS,89.49,Put,80,09/15/17,34,2.10,3,3.90,2.8,3578,3524,1.02,66.39%,08/11/17
YELP,42.03,Call,42,01/19/18,160,4.90,5.05,5.20,5,3750,3661,1.02,44.93%,08/11/17
UNIT,19.37,Put,17.5,09/15/17,34,0.60,0.65,0.70,0.62,531,522,1.02,63.25%,08/11/17
CONN,20.8,Put,8,10/20/17,69,0.00,0.1,0.10,0.25,509,500,1.02,110.48%,08/11/17
PII,89.35,Put,80,01/18/19,524,9.80,10.25,10.70,9.15,1033,1015,1.02,37.50%,08/11/17
PRGO,78.49,Put,80,11/17/17,97,6.10,6.55,7.00,7.3,3176,3107,1.02,36.36%,08/11/17
QTM,5.12,Put,7,10/20/17,69,1.70,1.98,2.25,1.6,528,520,1.02,64.20%,08/11/17
DLPH,92.34,Put,85,08/18/17,6,0.00,0.15,0.15,0.1,1015,994,1.02,41.27%,08/11/17
AFL,80.75,Put,55,08/18/17,6,0.00,0.03,0.03,0.02,5225,5126,1.02,126.81%,08/11/17
WAB,72.81,Put,90,08/18/17,6,16.60,17.3,18.00,11.5,2324,2278,1.02,98.70%,08/11/17
HUN,25.15,Call,23,08/18/17,6,2.15,2.3,2.45,2.21,11451,11260,1.02,71.54%,08/11/17
WM,74.61,Call,80,01/18/19,524,2.25,2.43,2.60,2.6,622,609,1.02,11.50%,08/11/17
AAL,48.35,Put,42,08/11/17,1,0.00,0.22,0.22,0.02,942,922,1.02,0.00%,08/11/17
JD,45.9,Put,47.5,08/11/17,1,0.00,4.15,4.15,1.68,525,515,1.02,0.00%,08/11/17
WMT,80.4,Call,81,08/11/17,1,0.00,0.01,0.01,0.01,806,790,1.02,0.00%,08/11/17
JD,45.9,Call,46,08/18/17,6,1.85,1.92,1.98,1.89,1696,1664,1.02,91.47%,08/11/17
BA,234.88,Call,350,01/19/18,160,0.00,0.11,0.11,0.05,760,744,1.02,22.64%,08/11/17
LBTYK,32.9,Put,25,01/19/18,160,0.20,0.3,0.40,1.4,4720,4620,1.02,33.18%,08/11/17
JPM,91.42,Call,91,08/18/17,6,1.12,1.15,1.18,1.15,977,961,1.02,21.55%,08/11/17
CRR,6.76,Call,9,08/18/17,6,0.00,0.05,0.05,0.05,1200,1183,1.01,144.99%,08/11/17
YELP,42.03,Call,55,11/17/17,97,0.78,0.84,0.90,0.86,1008,1000,1.01,48.06%,08/11/17
CVS,79.41,Put,77.5,09/22/17,41,0.97,1.03,1.09,1.4,505,500,1.01,17.97%,08/11/17
BIIB,283.68,Put,260,09/01/17,20,0.70,0.85,1.00,1.1,563,560,1.01,29.72%,08/11/17
BPOP,39.68,Call,41,08/18/17,6,0.03,0.1,0.16,1.23,781,775,1.01,26.54%,08/11/17
ZIOP,5.51,Put,25,01/19/18,160,18.70,19.4,20.10,20,505,500,1.01,95.70%,08/11/17
VRX,13.89,Call,14,10/20/17,69,1.20,1.24,1.28,1.27,3531,3480,1.01,53.53%,08/11/17
NFLX,171.4,Call,175,08/11/17,1,0.00,0.01,0.01,0.01,2726,2703,1.01,0.00%,08/11/17
HPE,17.3,Call,16.5,09/01/17,20,0.84,1.05,1.25,1.15,525,519,1.01,35.68%,08/11/17
CSTE,28.8,Call,42.5,08/18/17,6,0.00,0.15,0.15,0.4,516,510,1.01,173.46%,08/11/17
MCD,157.3,Call,157.5,08/11/17,1,0.00,0.07,0.07,0.01,5476,5400,1.01,0.00%,08/11/17
CZR,12.15,Call,22,01/18/19,524,0.20,0.28,0.35,0.3,1008,1000,1.01,35.67%,08/11/17
TEVA,17.3,Put,16.5,08/11/17,1,0.00,0.01,0.01,0.02,825,815,1.01,0.00%,08/11/17
TEVA,17.3,Call,29.5,08/18/17,6,0.00,0.03,0.03,0.03,1409,1392,1.01,192.24%,08/11/17
JCP,3.93,Put,6.5,08/18/17,6,2.52,2.67,2.81,1.35,1494,1485,1.01,338.50%,08/11/17
SEAS,12.76,Put,15,03/16/18,216,3.00,3.1,3.20,3.1,18139,17939,1.01,43.41%,08/11/17
FDX,204.87,Put,190,09/08/17,27,0.61,0.81,1.01,0.86,1713,1699,1.01,24.79%,08/11/17
LITE,51.95,Call,61,08/25/17,13,0.05,0.2,0.35,1.45,555,552,1.01,60.68%,08/11/17
COH,47.55,Call,50,09/22/17,41,0.80,0.9,1.00,1,1000,1000,1,28.86%,08/11/17
FLR,39.07,Call,45.5,08/11/17,1,0.00,0.05,0.05,0.75,2000,2010,1,0.00%,08/11/17
MAT,17.51,Call,19.5,09/08/17,27,0.00,0.1,0.10,0.35,1005,1005,1,28.38%,08/11/17
NORD,32.79,Put,35,09/15/17,34,0.00,5,5.00,2.5,3000,3000,1,26.56%,08/11/17
FLR,39.07,Put,55,09/15/17,34,16.00,16.15,16.30,11.1,647,647,1,73.49%,08/11/17
TRI,46.48,Put,45,09/15/17,34,0.40,0.48,0.55,0.35,2500,2500,1,19.47%,08/11/17
ARRY,8.62,Put,5,12/15/17,125,0.20,0.28,0.35,0.35,1010,1010,1,92.08%,08/11/17
FLT,139.32,Put,125,01/19/18,160,6.00,6.45,6.90,6,502,500,1,36.13%,08/11/17
TRN,28.58,Call,31,09/15/17,34,0.25,0.35,0.45,0.25,917,921,1,33.06%,08/11/17
ATVI,60.74,Put,47,08/11/17,1,0.00,0.03,0.03,0.02,680,680,1,0.00%,08/11/17
TRN,28.58,Put,23,09/15/17,34,0.00,0.15,0.15,0.11,700,700,1,44.61%,08/11/17
ATVI,60.74,Call,66.5,09/08/17,27,0.20,0.31,0.41,0.3,2002,2001,1,29.19%,08/11/17
OCN,2.84,Put,1,01/19/18,160,0.00,0.05,0.05,0.05,4534,4553,1,99.59%,08/11/17
ATVI,60.74,Put,55,09/08/17,27,0.29,0.38,0.46,0.35,4000,4000,1,34.50%,08/11/17
CAT,112.85,Put,105,09/08/17,27,0.51,0.67,0.82,0.47,1027,1030,1,27.36%,08/11/17
MDLZ,43.59,Put,28,10/20/17,69,0.00,0.04,0.04,0.03,8250,8255,1,43.61%,08/11/17
CRC,7.25,Put,5,09/15/17,34,0.05,0.1,0.15,0.1,505,505,1,102.08%,08/11/17
TTM,29.4,Put,33,09/01/17,20,3.50,3.75,4.00,0.9,861,861,1,42.01%,08/11/17
GE,25.2,Put,32.5,08/18/17,6,7.25,7.3,7.35,7.02,2501,2501,1,84.42%,08/11/17
AVGO,244.17,Put,245,08/11/17,1,0.75,1,1.25,0.7,1085,1080,1,0.00%,08/11/17
FGEN,41.65,Call,70,12/15/17,125,0.00,0.75,0.75,0.55,570,570,1,54.56%,08/11/17
GE,25.2,Put,22,09/08/17,27,0.00,0.04,0.04,0.02,501,500,1,27.23%,08/11/17
CBS,66.71,Call,85,08/18/17,6,0.00,0.26,0.26,0.15,810,810,1,112.81%,08/11/17
CRR,6.76,Put,14,12/15/17,125,7.20,7.4,7.60,6.59,6275,6283,1,92.11%,08/11/17
CBS,66.71,Put,85,08/18/17,6,16.80,17.9,19.00,18.55,810,810,1,0.00%,08/11/17
CRR,6.76,Put,11,03/16/18,216,4.60,4.75,4.90,5.01,3020,3020,1,76.70%,08/11/17
P,8.08,Put,8,09/08/17,27,0.38,0.43,0.47,0.42,1005,1004,1,54.58%,08/11/17
FLEX,15.69,Call,16,09/22/17,41,0.29,0.34,0.39,0.42,885,885,1,22.56%,08/11/17
SMLP,20.95,Put,30,09/15/17,34,8.90,9.35,9.80,8.1,3089,3089,1,92.80%,08/11/17
BATRK,24.52,Call,30,02/16/18,188,0.15,0.33,0.50,0.35,597,597,1,24.82%,08/11/17
FMI,39,Call,25,11/17/17,97,13.00,14.1,15.20,16.12,3100,3100,1,40.10%,08/11/17
SN,4.82,Call,8,09/15/17,34,0.00,0.05,0.05,0.03,1000,1005,1,93.64%,08/11/17
SN,4.82,Put,8,09/15/17,34,3.10,3.25,3.40,3.1,1000,1000,1,118.69%,08/11/17
YPF,20.11,Put,14,10/20/17,69,0.00,0.1,0.10,0.16,800,800,1,47.17%,08/11/17
CCE,43.75,Put,41,09/15/17,34,0.20,0.25,0.30,0.35,681,681,1,22.47%,08/11/17
PAA,20.4,Put,35,09/15/17,34,14.30,14.55,14.80,8.3,1800,1800,1,0.00%,08/11/17
YPF,20.11,Put,17,01/18/19,524,1.55,1.8,2.05,1.88,1250,1250,1,36.77%,08/11/17
MNRO,46.5,Call,65,01/19/18,160,0.50,0.73,0.95,0.54,1510,1512,1,40.00%,08/11/17
CEQP,25.1,Put,35,10/20/17,69,9.70,9.95,10.20,9.4,2540,2540,1,45.95%,08/11/17
FOX,27.84,Put,26,01/19/18,160,0.95,1.05,1.15,1.05,1500,1501,1,26.44%,08/11/17
MNST,53.82,Call,58.5,08/11/17,1,0.00,0.05,0.05,0.28,2915,2906,1,0.00%,08/11/17
BHBK,18.15,Call,17.3,11/17/17,97,1.15,1.3,1.45,1.2,2427,2428,1,21.29%,08/11/17
PAA,20.4,Call,34,01/19/18,160,0.00,0.1,0.10,0.1,667,667,1,37.68%,08/11/17
FRTA,4.64,Call,5,03/16/18,216,0.55,1,1.45,0.7,538,539,1,79.95%,08/11/17
FTR,14.91,Call,23,08/18/17,6,0.00,0.05,0.05,0.1,1000,1000,1,176.70%,08/11/17
FTR,14.91,Put,23,08/18/17,6,7.70,8.25,8.80,6.1,1000,1000,1,249.52%,08/11/17
CHK,4.14,Call,6.5,08/25/17,13,0.00,0.02,0.02,0.02,600,600,1,124.53%,08/11/17
FWONA,33.19,Call,40,01/19/18,160,0.50,0.85,1.20,0.7,5338,5338,1,32.42%,08/11/17
TXT,48.48,Put,43,01/19/18,160,1.23,1.43,1.62,1.39,800,800,1,29.75%,08/11/17
KND,7.35,Call,17.5,11/17/17,97,0.00,0.1,0.10,0.3,501,501,1,87.12%,08/11/17
UA,16.8,Put,15,09/22/17,41,0.10,0.2,0.30,0.15,1811,1815,1,38.24%,08/11/17
PBR,8.48,Call,12,08/11/17,1,0.00,0.02,0.02,0.02,2000,2000,1,0.00%,08/11/17
WB,82.72,Put,63.5,08/25/17,13,0.10,0.58,1.05,1.35,600,600,1,107.96%,08/11/17
UNVR,27.16,Call,25,08/18/17,6,1.85,2.23,2.60,6.1,602,603,1,51.71%,08/11/17
BWLD,111.85,Call,85,08/18/17,6,24.70,26.85,29.00,25.3,650,650,1,0.00%,08/11/17
BWLD,111.85,Call,150,12/15/17,125,0.70,1.05,1.40,0.75,1021,1024,1,36.17%,08/11/17
GM,34.93,Call,49,02/16/18,188,0.00,0.08,0.08,0.07,932,932,1,22.00%,08/11/17
WDC,79.9,Call,102,09/01/17,20,0.02,0.07,0.11,0.19,4100,4105,1,50.56%,08/11/17
CARB,20.3,Put,17.5,03/16/18,216,1.40,1.6,1.80,1.23,1200,1202,1,49.20%,08/11/17
DAN,23.49,Put,19,12/15/17,125,0.35,0.45,0.55,1.1,1000,1000,1,39.37%,08/11/17
CIT,46.3,Call,49,09/15/17,34,0.17,0.23,0.29,0.22,4000,4013,1,18.80%,08/11/17
USFD,26.79,Call,30,08/18/17,6,0.00,0.1,0.10,0.25,985,986,1,61.28%,08/11/17
NXTM,29.22,Call,20,09/15/17,34,7.00,9.4,11.80,9.3,1305,1305,1,82.43%,08/11/17
BAC,23.86,Put,20.5,08/18/17,6,0.00,0.02,0.02,0.01,2679,2679,1,61.50%,08/11/17
MSFT,72.5,Put,63.5,08/18/17,6,0.00,0.05,0.05,0.02,700,700,1,53.18%,08/11/17
NXTM,29.22,Call,22.5,09/15/17,34,4.80,7,9.20,6.8,737,738,1,68.94%,08/11/17
OCFC,25.1,Call,30,12/15/17,125,0.00,5,5.00,0.4,897,897,1,71.02%,08/11/17
KORS,44.69,Put,40,08/25/17,13,0.00,0.2,0.20,0.12,558,558,1,41.69%,08/11/17
GRUB,54.46,Put,51,09/01/17,20,0.50,0.63,0.75,0.75,595,595,1,39.10%,08/11/17
KORS,44.69,Call,37.5,09/01/17,20,7.10,7.35,7.60,1.55,800,800,1,51.38%,08/11/17
OCLR,8.39,Put,8,08/11/17,1,0.00,0.05,0.05,0.15,1020,1020,1,0.00%,08/11/17
WSBF,17.65,Call,17,11/17/17,97,0.95,1.15,1.35,2.08,3700,3705,1,21.25%,08/11/17
CLR,34.54,Put,28,08/11/17,1,0.00,0.1,0.10,0.03,800,800,1,0.00%,08/11/17
CHRS,11.65,Put,10,02/16/18,188,0.90,1.35,1.80,0.95,600,600,1,68.65%,08/11/17
DD,80.97,Put,42.5,10/20/17,69,0.00,0.04,0.04,0.05,703,703,1,57.25%,08/11/17
OFIX,46.95,Call,50,08/18/17,6,0.00,0.4,0.40,0.35,549,549,1,49.60%,08/11/17
CLR,34.54,Put,28.5,08/18/17,6,0.00,0.1,0.10,0.23,580,580,1,92.05%,08/11/17
CHTR,394.49,Put,425,12/15/17,125,43.20,44.4,45.60,79.56,700,700,1,28.92%,08/11/17
XENT,30.4,Call,35,08/18/17,6,0.00,0.1,0.10,0.05,1000,1000,1,70.92%,08/11/17
CHTR,394.49,Call,440,01/19/18,160,11.50,12.95,14.40,14.2,1507,1513,1,27.26%,08/11/17
CMCM,10.63,Call,8,03/16/18,216,2.80,3,3.20,3.5,1000,1000,1,43.45%,08/11/17
CMCSA,41.11,Put,38.5,09/08/17,27,0.17,0.21,0.24,0.33,2000,2000,1,24.27%,08/11/17
ZION,44.11,Put,40,09/15/17,34,0.23,0.26,0.29,0.25,2020,2023,1,29.91%,08/11/17
PDCE,40.72,Put,65,01/19/18,160,24.10,24.5,24.90,14.9,1000,1000,1,47.82%,08/11/17
ACRS,25.08,Call,35,11/17/17,97,0.05,0.18,0.30,1.45,1500,1500,1,42.18%,08/11/17
GPRO,9.88,Call,15,08/18/17,6,0.00,0.02,0.02,0.01,1500,1500,1,159.51%,08/11/17
DE,126.7,Put,123,09/01/17,20,2.11,2.24,2.37,1.96,632,635,1,33.74%,08/11/17
PMTS,1.25,Put,2.5,08/18/17,6,1.05,1.25,1.45,0.85,601,600,1,211.85%,08/11/17
DFS,59.64,Put,30,01/19/18,160,0.10,0.15,0.20,0.24,798,795,1,54.13%,08/11/17
PRAH,74.2,Call,90,10/20/17,69,0.00,2.9,2.90,1.05,750,750,1,46.06%,08/11/17
ADP,108.81,Call,118,08/18/17,6,0.05,0.13,0.20,0.15,1000,1001,1,42.66%,08/11/17
GT,30.27,Call,37.5,08/18/17,6,0.00,0.05,0.05,0.37,2000,2000,1,88.64%,08/11/17
VOC,3.66,Call,7.5,10/20/17,69,0.00,0.25,0.25,0.05,2351,2351,1,126.77%,08/11/17
LEE,1.9,Put,2.5,12/15/17,125,0.60,0.8,1.00,0.85,2000,2000,1,88.24%,08/11/17
LFGR,6.75,Call,6,02/16/18,188,1.10,1.35,1.60,1.8,7117,7117,1,50.25%,08/11/17
PNC,128.05,Put,165,01/19/18,160,35.95,37.48,39.00,38.85,600,600,1,28.97%,08/11/17
HAIN,43.34,Put,38,02/16/18,188,1.75,1.9,2.05,1.85,5000,5000,1,35.41%,08/11/17
AERI,50.35,Put,40,09/15/17,34,0.25,0.4,0.55,0.5,750,750,1,60.72%,08/11/17
HALO,11.9,Call,12,12/15/17,125,1.00,1.15,1.30,1.7,1000,1000,1,42.62%,08/11/17
HAL,40.02,Call,49.5,08/18/17,6,0.00,0.02,0.02,0.04,672,672,1,75.00%,08/11/17
HALO,11.9,Put,8,12/15/17,125,0.00,0.2,0.20,0.25,770,770,1,48.91%,08/11/17
POT,17.52,Call,19,03/16/18,216,0.71,0.81,0.90,0.83,600,603,1,24.85%,08/11/17
LLY,81.15,Put,79.5,09/01/17,20,0.54,0.6,0.66,0.82,600,600,1,17.39%,08/11/17
CROX,9.21,Call,9,08/18/17,6,0.30,0.38,0.45,0.42,3145,3150,1,60.14%,08/11/17
PRO,26.08,Call,25,09/15/17,34,1.85,1.95,2.05,2.8,1000,1000,1,43.35%,08/11/17
ALSK,2.19,Put,2.5,01/19/18,160,0.35,0.4,0.45,0.3,1000,1000,1,35.64%,08/11/17
MYL,30.88,Call,38,09/01/17,20,0.00,0.06,0.06,0.44,600,602,1,45.34%,08/11/17
MU,28.01,Call,45,08/18/17,6,0.00,0.03,0.03,0.04,1597,1598,1,164.04%,08/11/17
VRX,13.89,Put,11,08/25/17,13,0.04,0.06,0.07,0.05,751,751,1,85.44%,08/11/17
HOLX,38.2,Put,45,03/16/18,216,7.10,7.3,7.50,6.52,1650,1650,1,23.34%,08/11/17
PWR,35.61,Put,34,09/15/17,34,0.45,0.53,0.60,0.3,1303,1303,1,27.97%,08/11/17
PX,127.44,Call,165,01/19/18,160,0.00,0.55,0.55,0.51,7500,7500,1,21.16%,08/11/17
HRTX,16,Call,17,03/16/18,216,2.90,3.3,3.70,2.9,1001,1001,1,75.15%,08/11/17
HD,154.88,Put,162.5,08/25/17,13,7.75,8.03,8.30,12.16,889,889,1,23.71%,08/11/17
QVCA,22.6,Call,26,01/19/18,160,0.55,0.75,0.95,1.5,1500,1500,1,31.00%,08/11/17
BAC,23.86,Call,34,02/16/18,188,0.00,0.03,0.03,0.11,1010,1015,1,21.06%,08/11/17
ICON,5.58,Call,10,02/16/18,188,0.05,0.13,0.20,0.25,1000,1000,1,59.42%,08/11/17
